0.095675,0.069326,-0.058229,-0.070169,-0.033722,0.243195,0.108616,0.035791,0.062201,-0.029188,0.050411,-0.044063,0.236477,-0.054333,0.017828,-0.117339,-0.036493,-0.053257,-0.037124,0.205038,0.025525,0.059554,0.031617,0.120428,-0.005467,0.006975,-0.085878,0.094025,0.011134,0.079733,-0.146114,0.009808,0.052160,0.041126,0.096290,-0.259160,0.146461,-0.102733,-0.002246,-0.151476,0.030433,-0.137217,-0.006772,0.018632,0.074045,0.062177,-0.057309,0.066981,0.098479,-0.023415,-0.188955,-0.088757,0.011391,-0.079935,-0.173012,-0.014424,0.164400,0.023488,0.118948,-0.001141,0.099809,0.094836,-0.019183,-0.171433
0.039098,-0.008727,0.155022,0.028677,-0.069378,-0.051366,-0.107543,0.027567,-0.061005,0.049209,0.092251,0.060500,0.018285,0.012316,0.006958,0.028015,-0.049606,0.001869,0.048340,0.050068,0.000608,0.093883,-0.040178,0.072131,0.077937,0.015907,0.015854,0.099084,0.025073,-0.101347,0.019332,-0.019848,0.095629,-0.011404,0.074461,0.122474,-0.091797,-0.067090,-0.006714,0.094153,-0.064480,0.066556,0.046373,-0.003612,0.087262,-0.067477,0.030179,0.009029,-0.032521,-0.093154,-0.030655,-0.156653,-0.068280,0.136218,-0.002972,-0.031137,-0.064383,-0.052921,-0.127596,-0.139240,-0.008966,0.053238,0.002050,-0.030741
-0.103359,0.066408,0.009514,0.211015,0.050067,0.031313,0.047909,-0.074320,0.090022,0.026193,-0.004119,0.038162,-0.103815,0.049649,-0.078070,0.044696,0.001535,0.169159,0.124864,0.004306,-0.014622,0.011417,0.026545,-0.088122,-0.055535,-0.031501,-0.019842,0.166390,0.022901,0.004952,0.028101,-0.023358,-0.156370,0.037629,0.030388,0.138262,-0.038338,0.096020,0.094703,0.082898,-0.032473,-0.006541,-0.063283,-0.051007,-0.092984,-0.063969,0.061396,-0.042052,-0.090530,0.017929,0.071312,0.101486,0.094984,-0.052759,0.070652,0.111254,-0.064518,-0.009092,-0.127873,0.071180,-0.024768,-0.076930,0.049188,-0.039433
-0.215422,-0.086280,0.102265,-0.071972,-0.205986,0.021819,-0.067520,-0.065763,0.070523,0.070618,0.132597,0.057176,0.299491,0.066157,0.151076,0.421617,0.114088,-0.110568,-0.290319,0.079414,-0.037922,0.101264,-0.069710,0.025973,-0.162426,-0.191897,0.011761,0.248619,0.078933,0.053267,0.178235,-0.021782,0.344393,-0.099540,-0.052727,0.095516,-0.036192,0.067147,-0.180513,-0.062678,-0.066313,-0.031757,0.052876,-0.016197,0.115224,0.028613,-0.019007,-0.074754,0.114589,0.005670,0.012972,-0.012143,-0.125497,-0.000879,0.202722,0.103313,0.065300,0.494694,-0.109791,-0.002270,0.005153,0.169688,0.014738,0.096969
0.001645,0.013539,-0.007405,-0.033882,0.046728,0.146535,-0.024707,-0.027989,0.242274,-0.044880,-0.027322,0.151719,-0.002558,-0.006986,0.094853,-0.260201,0.297984,0.168199,0.032396,-0.197231,0.005020,-0.126686,-0.077395,0.212927,-0.054341,0.108259,-0.020797,0.011303,0.024929,0.027589,-0.008013,0.394953,0.027729,-0.119553,-0.063849,0.057270,0.052235,-0.013254,0.083270,-0.179193,0.037120,-0.068917,-0.172395,-0.128993,0.198873,0.040707,0.166046,0.161191,-0.052886,0.117491,-0.046654,-0.201759,0.017446,0.255041,-0.111710,-0.016974,-0.163969,0.013287,-0.071240,0.060989,-0.008039,-0.023968,-0.273764,-0.007593
-0.030918,-0.020213,0.144657,-0.173434,0.036901,-0.030256,0.007786,0.172746,-0.026275,-0.377068,0.022244,-0.275857,0.062975,-0.004282,-0.045559,0.040380,0.101346,-0.035071,-0.127854,-0.278977,-0.008826,0.000509,0.132171,0.092644,0.077420,0.013033,0.090770,-0.127976,-0.064818,0.066248,-0.016363,0.028509,-0.246159,0.076034,0.023696,-0.202138,0.104747,0.039732,-0.000167,-0.132767,-0.071455,-0.027580,-0.149793,0.132420,-0.140319,0.022840,-0.101583,-0.137671,0.162709,0.158447,-0.221589,0.050013,0.009827,0.051493,-0.016904,-0.071360,0.195879,-0.000675,-0.005810,-0.056775,-0.024647,0.166813,0.016796,0.040283
-0.024656,-0.009513,-0.095499,-0.101362,0.041299,0.062565,0.058687,0.028830,0.021711,0.035543,-0.026838,-0.019086,0.017030,-0.036242,0.025786,-0.072674,-0.003607,-0.092143,-0.049468,-0.032969,0.011676,-0.007607,-0.016337,-0.029225,-0.007606,-0.000182,-0.031975,-0.014928,-0.008571,0.060967,-0.031695,-0.016849,0.098654,-0.002018,-0.033781,-0.064005,0.040141,-0.069375,-0.054640,-0.033168,0.041368,-0.043957,0.005984,-0.003926,-0.028442,0.081858,0.023249,0.074250,0.044227,0.006271,0.075596,-0.007869,-0.009397,-0.065141,-0.044743,-0.029646,0.033534,0.004092,0.154237,0.060755,0.029290,0.011143,0.025227,-0.043878
0.010670,-0.076601,-0.110910,-0.018234,0.090379,0.112263,0.091530,-0.036649,0.049641,-0.011516,0.096079,-0.126707,-0.128804,-0.009112,0.044197,-0.027913,0.048412,0.055801,0.070026,0.171382,-0.005449,-0.125230,0.006660,-0.116429,-0.024106,0.041106,-0.027677,-0.008259,-0.028125,0.189596,-0.077219,0.008909,0.128891,0.045980,-0.054934,-0.005088,-0.033497,0.081876,0.009865,-0.248546,0.060884,-0.137582,0.108739,0.036648,0.170348,0.086111,-0.037888,-0.055642,0.082700,-0.109878,0.054010,0.024226,-0.033442,-0.038421,-0.005791,0.007511,0.102543,0.056016,-0.008085,0.043281,0.117356,0.087646,0.111700,-0.188582
0.020625,-0.051377,0.022883,-0.008473,-0.025152,-0.043719,-0.104442,0.050521,-0.089920,0.041846,-0.005009,-0.062201,-0.095013,0.034247,0.102955,0.001509,-0.071046,-0.093762,-0.001282,-0.013879,-0.008608,0.046789,-0.047894,-0.030143,-0.014636,0.010891,0.043335,-0.053887,0.036175,-0.017050,0.078320,-0.045915,0.150069,0.009643,-0.016650,-0.001237,-0.021448,-0.044762,-0.093556,0.093382,0.016533,0.021448,0.092903,0.056881,0.021706,-0.048066,-0.098903,0.059933,-0.082279,-0.015647,0.097081,-0.079446,-0.092903,0.025596,0.009026,-0.028261,0.054801,-0.009770,0.003955,-0.166235,-0.000892,0.145737,0.020023,0.024866
-0.035436,-0.018640,-0.114923,-0.117620,0.069093,0.017374,0.049846,0.014991,-0.012283,0.024641,-0.063718,-0.103426,-0.020646,0.018721,-0.017622,0.040996,0.045711,0.137056,0.166722,0.057819,-0.010764,-0.143389,0.035926,-0.287043,-0.121928,-0.088645,-0.052617,-0.096324,0.032217,0.126584,0.114034,-0.035094,0.037125,-0.047974,-0.335420,-0.134668,0.015928,0.036766,-0.025683,0.027691,0.039050,-0.031992,0.050417,0.017843,-0.007720,-0.007385,0.154497,0.169428,-0.034236,-0.015268,0.153524,0.138257,0.155691,-0.005035,0.115262,0.016950,0.009532,0.083051,0.042914,-0.004309,-0.042895,0.014967,0.035534,0.094784
-0.003848,-0.014834,0.013351,-0.013505,-0.002729,-0.078581,-0.039659,0.009186,-0.024175,0.018516,0.011434,0.021048,0.006862,-0.001771,0.001267,0.010836,-0.021999,-0.025364,-0.011750,-0.006425,-0.000563,0.010035,-0.004811,0.012168,0.037392,-0.001175,0.015465,0.007795,-0.017508,-0.026883,0.002445,-0.008411,0.017187,-0.009911,0.000807,0.046104,-0.026432,-0.015387,-0.012329,0.036633,-0.012640,0.016545,0.013285,-0.001215,0.006697,0.004925,0.024970,-0.000842,-0.011968,-0.006063,0.020240,-0.022649,-0.023504,0.017516,-0.027405,-0.018081,-0.023075,-0.008146,-0.019000,0.002911,-0.007787,0.008617,0.024496,0.014884
-0.080556,-0.094396,0.069925,0.101117,0.007125,-0.093421,0.057035,-0.041433,-0.039750,-0.103546,0.041305,-0.035683,-0.169866,-0.045392,-0.066197,0.014430,0.080621,-0.035713,-0.153824,-0.172139,-0.017825,-0.019181,-0.065425,-0.019764,-0.011158,0.133967,0.019081,-0.120166,-0.055683,-0.000176,-0.081327,0.016137,-0.083812,0.038321,0.111984,0.220441,-0.079179,0.169489,0.058810,-0.183184,-0.052851,0.092078,-0.057502,-0.008710,-0.041388,0.038597,-0.146366,-0.410957,0.191164,0.027255,-0.008013,0.079689,-0.097513,0.035430,0.235766,0.020501,-0.087103,-0.005601,-0.054407,0.091249,-0.001500,-0.136350,0.005414,0.017905
-0.041577,-0.060946,-0.053321,-0.042334,0.008802,-0.065581,-0.024709,-0.006504,-0.024236,0.029004,-0.011760,-0.019811,-0.054838,0.005365,0.072172,-0.004566,-0.021921,-0.096935,-0.006984,0.014245,-0.001752,-0.020826,-0.027833,-0.016204,0.029992,-0.001068,0.016389,-0.035064,-0.028281,0.022950,0.009865,-0.005897,0.057303,-0.018596,-0.042153,0.027980,-0.005095,0.008275,-0.080104,-0.022314,0.029113,-0.022644,0.067773,0.029690,0.016802,0.041949,-0.028076,-0.014030,-0.021092,0.010448,0.145540,0.009755,-0.066211,-0.024292,-0.004061,0.003836,0.013086,0.032556,0.046053,0.002367,0.000561,0.030439,0.013718,0.037974
0.091824,-0.020889,-0.053665,-0.021422,-0.003422,-0.178983,-0.027443,0.172377,-0.126613,-0.040997,-0.117825,-0.091880,-0.007021,-0.008886,0.003251,-0.172898,0.101681,0.068140,-0.019636,-0.163175,0.004208,-0.080804,-0.043136,-0.105787,-0.011849,0.055385,-0.005103,-0.237913,0.044812,-0.069028,0.080611,0.093896,-0.023270,-0.006140,-0.184821,-0.115677,0.059977,-0.055044,0.066129,0.086018,-0.021688,0.076308,-0.089564,0.049140,-0.057260,-0.074613,-0.156425,0.113213,0.022296,0.076617,0.049438,-0.153191,0.081605,0.060701,0.053061,-0.029875,-0.119620,-0.050248,0.066674,-0.246627,-0.055072,0.134597,-0.065586,0.219816
0.045367,0.041586,0.062430,0.068786,0.015718,0.039353,-0.086430,-0.059985,-0.001546,0.027620,-0.010514,0.136834,0.069268,-0.043828,-0.103706,0.041205,-0.060716,0.068333,-0.159742,-0.053247,-0.011042,0.003088,-0.020151,-0.119660,-0.389789,0.015429,-0.038901,-0.032253,0.020472,0.019132,-0.016366,-0.032630,0.069445,0.000986,0.046133,0.021627,0.052825,-0.003856,0.096874,0.029623,-0.026889,0.049613,-0.046570,-0.126285,0.041755,-0.043566,0.109894,0.010004,-0.000903,-0.035672,-0.177272,0.025499,-0.010602,0.100516,-0.059681,-0.069327,0.027849,-0.015883,-0.021793,0.141465,-0.000164,-0.124225,0.011810,-0.068448
-0.101084,-0.077698,0.030179,-0.027127,0.120153,0.147893,0.070508,-0.004634,0.018765,-0.004514,-0.032490,-0.111377,-0.566967,0.026338,0.071986,-0.027468,0.003253,0.037431,0.118823,-0.348140,-0.047851,0.037997,-0.031431,-0.115843,-0.008225,0.099962,0.101758,-0.165346,0.021808,0.105039,0.070228,-0.041399,0.215114,-0.003437,-0.040503,0.115633,-0.241572,0.057149,-0.100910,0.108886,0.082400,0.086548,-0.003071,-0.031391,-0.075098,0.041716,0.063611,0.019375,-0.126429,0.050813,0.208190,0.255391,-0.071693,0.032330,0.246445,-0.006301,-0.072968,-0.090359,-0.026045,0.126199,0.035194,-0.104712,-0.039373,-0.129497
-0.186874,-0.055540,-0.106207,0.028914,0.003990,-0.050068,0.075448,-0.008948,0.006504,0.054213,-0.059043,-0.002714,-0.078862,0.018875,0.079201,0.014450,-0.025789,0.001034,0.016748,0.079264,-0.010474,-0.021394,-0.065655,-0.177561,-0.070908,-0.053683,-0.042044,0.085856,-0.011415,0.073953,0.042420,-0.040686,0.037200,-0.005296,-0.076256,0.012386,0.058359,0.024208,-0.071735,0.013960,-0.028607,-0.064770,0.040914,0.022446,-0.083996,0.010912,-0.155149,-0.009308,-0.037051,0.065662,0.367761,0.090862,-0.048321,-0.118087,0.062423,0.148583,-0.019026,0.090622,0.141929,-0.056728,-0.023589,0.016257,-0.017164,0.078840
0.171515,-0.024273,-0.070071,0.258731,-0.014023,-0.012945,-0.009560,0.080122,-0.068098,0.010915,-0.086156,-0.133335,-0.144153,-0.041934,-0.007858,-0.337156,0.016593,-0.057221,-0.140892,-0.160151,-0.007035,0.058314,-0.108636,-0.010187,-0.073567,0.223917,-0.014740,-0.058407,0.059745,-0.050914,-0.027810,0.027098,0.057613,0.109890,0.169641,0.052929,0.024876,-0.034496,0.090381,0.029415,0.072341,0.023847,0.011709,0.040110,0.129826,-0.059212,-0.435295,-0.017598,-0.006542,0.129106,-0.018432,-0.159090,-0.063484,-0.065022,-0.025207,0.009676,-0.005252,-0.148278,0.012186,-0.166987,0.025453,0.089884,-0.031960,-0.029819
-0.077005,0.052311,-0.024663,-0.029183,0.054796,0.119973,-0.054767,-0.069548,0.058243,0.034268,-0.096489,0.180876,-0.028159,0.002754,0.038671,0.001088,0.018120,0.043885,-0.045239,-0.087053,0.001632,-0.075438,-0.093737,-0.137012,-0.402911,-0.022341,-0.054692,-0.023963,0.070250,0.059400,0.037198,0.034575,0.060886,-0.031271,-0.058649,-0.074400,0.143376,0.001067,0.008490,0.003858,-0.005870,-0.001362,-0.065353,-0.090277,-0.105441,-0.075323,0.058547,0.102837,-0.082429,0.020670,0.050023,0.024529,-0.012802,0.086244,-0.041561,-0.022229,0.060633,0.005381,0.133471,-0.007836,-0.070226,-0.085676,-0.072316,0.017385
-0.012262,0.018502,-0.013182,-0.078012,0.006407,0.012495,-0.013020,-0.056439,0.005255,-0.027974,-0.025640,0.084960,0.029216,-0.030655,0.020019,0.018328,-0.052422,-0.055974,-0.038891,0.022986,0.002372,-0.003652,-0.017729,0.008582,-0.118613,-0.013428,-0.008586,-0.064168,-0.014130,0.017622,-0.052279,-0.024756,-0.016436,-0.016583,0.005929,-0.081860,0.058840,0.032150,-0.044409,-0.020999,-0.003916,0.000554,-0.013642,-0.006391,-0.081298,0.002749,0.007184,-0.030255,-0.010806,0.025109,-0.038665,0.096816,-0.030083,-0.014738,-0.029899,-0.025088,0.088132,-0.001739,0.118793,0.050305,-0.042020,-0.048103,-0.021970,0.024718
-0.029610,-0.018449,0.025151,-0.062366,0.013455,-0.169525,-0.006869,0.010722,0.001731,-0.059698,0.044525,0.045341,0.058237,0.031657,-0.028427,0.232922,-0.068158,0.122374,-0.010525,0.145752,-0.006420,-0.053495,0.128108,-0.035358,0.056537,-0.121770,0.082004,0.105382,-0.134599,0.025822,0.006392,-0.050963,-0.066581,0.009791,0.049735,-0.051002,-0.002472,-0.027432,0.049733,0.024296,-0.077883,-0.086386,0.031144,0.013500,0.051977,0.035239,-0.045464,0.032194,-0.029149,-0.031938,0.008969,0.130650,-0.042634,-0.045920,-0.280990,0.039597,0.034034,0.018070,-0.014562,0.042534,0.050590,-0.049423,0.060723,-0.046517
-0.008360,0.000693,-0.028275,0.000198,0.042539,0.131851,-0.011410,-0.018788,-0.020034,0.049197,-0.051421,-0.024685,-0.054958,0.015039,-0.026081,-0.013087,-0.005135,-0.038346,0.033234,-0.021212,0.008299,-0.052558,-0.010331,-0.092794,-0.111872,0.015009,-0.033127,-0.025027,0.025058,0.048603,0.035498,-0.025854,0.014940,-0.002231,-0.022104,-0.011557,0.051129,-0.036587,-0.004180,-0.036341,0.072549,-0.001557,0.070138,-0.033189,0.029039,-0.005201,0.100848,0.047726,-0.028637,-0.039070,0.036234,0.018194,0.011501,0.045120,-0.003325,-0.032461,0.027332,-0.032572,-0.008912,0.030767,0.004828,-0.144318,-0.004615,-0.039258
-0.030912,0.015274,-0.063667,-0.034364,0.055871,0.047007,-0.082826,-0.172906,0.149111,-0.016404,0.098716,0.037440,-0.167208,0.052960,0.247551,-0.046003,0.004195,-0.058672,0.244011,0.132680,-0.017925,0.001053,-0.055530,0.117817,-0.038565,-0.021111,0.045694,-0.025546,0.073408,0.063575,-0.046237,0.058973,0.061685,-0.015660,-0.128759,0.010155,-0.084241,0.259369,-0.173988,-0.045547,0.051566,-0.092179,0.017297,0.100146,-0.085217,-0.048752,0.050369,-0.042650,-0.164307,0.001383,0.045731,0.033191,-0.004402,-0.043403,0.099710,-0.002481,0.225634,0.103197,-0.005381,-0.050772,-0.075715,0.367364,0.100908,0.000689
-0.062430,0.036666,0.094995,-0.004620,-0.060338,0.108891,0.062783,0.066090,-0.124100,0.044953,-0.045403,0.088078,0.023779,0.010099,-0.063216,0.019053,-0.067811,-0.064215,0.083691,0.109131,0.044954,0.033959,-0.054176,-0.007454,0.108802,0.011756,-0.075979,0.151871,-0.001849,-0.084447,-0.037300,-0.076491,-0.114416,0.023720,0.194424,-0.046312,0.118953,-0.193914,0.030650,-0.016276,-0.059779,0.044274,0.065647,-0.011226,-0.095282,-0.072462,-0.096157,-0.039326,0.040791,-0.100194,0.104137,-0.084725,-0.070223,0.069978,-0.076978,0.036919,-0.076990,-0.176844,0.085431,-0.238909,-0.019235,-0.312068,-0.110276,-0.033430
0.002623,0.040742,0.086332,0.117292,0.032579,-0.030522,-0.098457,-0.092697,0.070953,-0.058354,0.087428,0.067485,-0.141969,0.036059,0.068800,-0.004250,-0.039656,0.058119,0.118628,0.008940,-0.022522,0.057217,-0.013356,0.084655,-0.076482,0.021746,0.053943,0.014504,0.032648,-0.020872,-0.046047,0.028870,-0.052755,0.033752,0.051738,0.094214,-0.070511,0.164856,0.003677,0.040964,-0.041730,-0.000388,-0.064748,0.021304,-0.062874,-0.096551,-0.001211,-0.094684,-0.121473,-0.002091,-0.079299,-0.005779,-0.022486,0.045687,0.016944,-0.006203,0.090427,-0.025547,-0.113264,-0.035665,-0.039393,0.187751,0.062133,-0.048462
-0.103229,0.076347,-0.157063,-0.031386,0.284133,-0.146394,-0.084055,0.048993,0.026303,0.036594,0.064710,-0.025731,-0.057951,0.036432,-0.046363,-0.038634,-0.048211,-0.089147,0.136688,-0.064285,0.031803,-0.099967,0.048398,-0.128480,0.023834,-0.036623,-0.010237,0.106537,-0.007407,0.049736,-0.075900,-0.079838,-0.123537,0.125757,-0.101931,0.070862,-0.011563,0.049135,0.033063,0.039435,-0.016381,-0.082913,-0.070098,0.056715,-0.344985,-0.006670,0.280556,-0.010513,-0.028915,-0.100406,0.065845,-0.134428,0.108515,-0.074387,-0.170466,-0.154805,0.161605,-0.074988,-0.067106,0.017636,-0.031675,0.269661,0.531061,-0.130167
0.028890,0.026538,-0.056484,0.108078,-0.047381,0.007269,0.047206,0.001272,-0.010780,-0.006000,-0.032229,0.036259,-0.001692,0.039251,0.108662,-0.046173,0.034715,0.030170,0.071521,0.156832,0.021638,-0.049414,-0.063354,-0.025896,-0.068044,-0.014253,-0.046594,-0.033682,0.066528,-0.027313,-0.015974,0.070844,-0.071349,0.046162,-0.004967,-0.125278,0.153148,0.033617,0.045238,-0.092884,-0.032034,-0.049094,-0.016819,0.069176,-0.058421,-0.106024,-0.330309,-0.035362,0.019330,-0.058183,0.087279,-0.171719,0.005528,-0.050036,0.008303,0.084354,0.031585,0.012589,0.154240,-0.310259,0.002931,0.151384,-0.078450,0.087081
0.002314,-0.039800,0.053667,0.077412,0.040705,-0.046639,-0.100009,0.009493,0.021923,-0.016920,-0.004582,0.094898,-0.247037,0.019297,0.128197,-0.057030,-0.079302,0.036204,-0.042262,-0.123081,-0.022288,0.031868,-0.038562,0.061463,-0.108506,0.081698,0.088860,-0.066011,-0.048962,0.010797,-0.029530,0.089617,0.117369,0.009259,0.128280,0.046048,-0.004578,-0.036681,0.016317,0.038084,-0.013533,-0.017180,-0.045351,-0.051321,0.065767,-0.001850,-0.116826,0.037766,-0.156449,0.030991,0.069128,-0.058268,-0.194123,0.102777,-0.199782,-0.018288,-0.026919,-0.088927,0.003784,0.008402,0.081319,0.027506,-0.102131,-0.111940
-0.129650,-0.017636,0.035823,-0.175319,0.039170,-0.018546,-0.035859,0.041764,0.013442,-0.045332,0.005000,0.049952,-0.001027,-0.006031,0.046231,0.001510,0.015263,-0.033202,0.017330,-0.067181,0.003629,-0.016034,-0.034702,0.013794,0.011063,-0.013953,-0.000198,0.058801,-0.030418,0.032683,-0.007067,0.014254,0.015384,-0.034453,-0.034952,-0.025560,0.027044,-0.044982,-0.074487,-0.005736,-0.054340,-0.021907,-0.034226,0.005006,-0.101642,0.015032,0.095481,0.028218,-0.020615,0.051531,0.100772,0.011404,-0.063768,0.085603,-0.068541,-0.025160,0.027856,-0.010095,0.048114,-0.038273,-0.060685,0.004722,-0.005071,0.011418
0.005284,0.022607,-0.032606,-0.045808,0.017522,0.031406,0.021298,-0.184047,0.053794,-0.066627,-0.001546,0.078598,-0.078366,-0.018597,0.018143,0.049162,0.016133,0.028006,0.095033,0.101196,-0.010548,-0.075125,-0.012803,0.005046,-0.089638,-0.006448,0.005323,-0.121918,0.004100,0.032779,-0.062360,-0.009490,-0.108627,-0.029245,-0.055254,-0.030222,-0.034535,0.223289,-0.043485,-0.090959,0.026977,0.010351,0.012792,0.022605,-0.077826,-0.030495,0.024774,-0.141662,-0.020011,0.024168,-0.084606,0.249188,0.037840,-0.042627,0.136037,0.011271,0.113832,0.025062,0.047711,0.080377,-0.096233,-0.075176,-0.011537,0.063101
-0.322093,-0.044313,-0.055263,-0.213324,0.096970,0.156367,0.102890,0.171904,0.044967,0.010865,-0.054862,-0.050192,0.114945,-0.026392,-0.030533,-0.202979,0.083447,-0.084858,0.058498,-0.054587,0.036462,-0.048793,-0.067028,-0.096117,0.064585,0.002168,-0.168592,0.348976,-0.073735,0.153768,-0.003221,0.029026,-0.030295,-0.039407,-0.025996,0.004413,0.211001,-0.270884,-0.065943,-0.133274,-0.035569,-0.169910,0.015707,-0.033016,-0.023267,0.122142,0.193034,0.143299,0.057722,0.107248,0.404253,-0.098186,-0.047071,0.105004,-0.213303,0.053860,-0.053413,-0.036381,0.099804,-0.034604,-0.052703,-0.180033,-0.046485,-0.072293
0.077147,0.009877,-0.053758,0.007904,-0.065496,-0.020917,-0.033768,-0.066736,-0.016492,0.013021,0.006176,0.082305,0.101030,-0.021456,0.079064,-0.008061,-0.032527,-0.005277,-0.050236,0.225717,0.005368,-0.032059,-0.074121,-0.014947,-0.148096,-0.011125,-0.037170,-0.025777,0.039813,-0.003964,-0.045499,-0.004657,0.055513,0.009942,-0.000341,-0.111269,0.090560,0.057397,-0.015696,-0.059417,-0.021755,-0.039011,0.050668,0.046346,0.027389,-0.069739,-0.216430,-0.022490,0.009720,-0.022223,-0.052758,-0.038356,-0.046102,-0.054586,-0.030698,0.023377,0.132502,0.053371,0.127340,-0.157388,-0.030224,0.128639,-0.014576,0.054318
-0.000654,0.062950,-0.020409,0.162631,-0.050722,0.104165,0.056453,-0.055186,0.028930,0.027515,-0.065492,-0.003092,0.064340,0.028613,-0.057599,0.036719,0.009786,0.064818,0.001509,0.063313,0.000821,0.012732,0.013550,-0.046928,-0.100692,-0.035286,-0.049592,0.054133,0.055528,-0.013361,0.050164,-0.015185,-0.119750,0.016087,0.028154,-0.026961,0.078093,0.035660,0.060574,0.018274,0.020831,0.002678,-0.009290,-0.028072,-0.017616,-0.061033,-0.060431,-0.006725,-0.017272,0.030683,-0.031695,0.058832,0.092405,-0.081126,0.083653,0.097673,-0.010065,0.043048,-0.021925,0.006263,-0.012485,-0.098802,-0.065068,0.046755
0.009142,-0.020939,0.031552,0.023111,0.029154,0.102462,-0.097436,0.036498,-0.068691,0.050818,-0.039532,-0.115874,0.055260,0.037657,-0.119131,0.007615,0.012327,-0.065204,-0.004137,-0.038608,0.012320,-0.057092,0.044198,-0.060480,-0.016954,0.025383,-0.018642,0.073606,-0.009282,0.021952,0.097769,-0.036826,-0.053321,-0.006233,0.019753,0.075207,0.049618,-0.114202,0.028983,-0.029987,0.099242,-0.000676,0.146168,-0.042956,0.170253,0.008281,0.238604,0.069885,-0.031599,-0.029461,-0.034550,-0.039517,0.018478,0.125574,-0.093881,-0.066954,0.004880,-0.045317,-0.220598,0.063588,0.009200,-0.227038,0.034269,-0.054514
0.049722,0.010481,-0.022480,0.039685,0.014183,0.413995,0.040676,-0.080011,0.048802,0.004856,0.011582,-0.261127,-0.245146,0.091384,0.116610,-0.090363,0.033585,-0.052233,0.331879,0.083112,-0.014514,0.026270,0.007287,-0.004901,-0.016601,0.036277,-0.006948,-0.072871,0.152160,0.128009,0.080387,-0.028354,0.060702,0.014773,-0.108147,-0.085383,-0.050689,0.117706,-0.147362,-0.072602,0.203481,-0.053049,0.165011,0.092139,0.087695,-0.062260,0.074760,0.055085,-0.131035,-0.035309,0.011188,0.089051,0.092968,-0.009017,0.264553,0.022984,0.191966,0.030991,-0.116899,-0.094812,0.007961,0.091124,-0.029889,-0.086565
0.112165,-0.051172,-0.008815,0.127462,0.055652,-0.037662,0.008891,0.045171,0.035129,-0.038381,0.037452,-0.144240,-0.286687,0.107013,0.129153,0.185162,-0.068477,0.085861,-0.026957,-0.097189,-0.035280,0.025636,0.179764,-0.005411,-0.015152,-0.049099,0.222394,-0.173240,-0.044619,0.076390,0.071767,0.031181,0.132977,0.070835,0.013973,-0.061440,-0.098705,0.033361,0.043796,0.049222,0.077147,-0.057097,-0.023867,0.009748,0.115526,0.074915,-0.145851,0.081727,-0.100471,-0.093430,-0.020833,0.022528,-0.045176,-0.096053,-0.090450,-0.004792,0.017947,0.050415,-0.043021,0.120863,0.283351,0.212096,0.040278,-0.151973
0.070036,-0.067814,-0.031825,-0.212459,0.075978,-0.326862,-0.117202,0.025366,-0.085667,0.002562,0.030016,0.123429,-0.001813,-0.110317,-0.046287,-0.043852,-0.061233,-0.008276,-0.106322,-0.075426,-0.008157,-0.074299,-0.023333,-0.025694,0.037288,0.061667,0.050857,-0.138442,-0.121884,-0.039321,-0.093354,-0.020460,0.120678,-0.053622,-0.069814,0.063094,-0.139506,-0.018909,-0.001063,0.076371,-0.058676,0.071646,-0.010517,-0.028692,0.010555,0.078354,0.142422,0.005751,0.018750,0.008931,-0.049228,0.053452,-0.084798,0.083676,-0.151381,-0.165257,-0.057192,-0.092393,0.033410,0.128824,-0.044688,-0.021087,0.126935,0.015726
0.024089,-0.166373,-0.231429,-0.136041,0.068413,-0.080326,0.105795,0.117425,-0.023969,0.009459,-0.052881,-0.190386,-0.000318,-0.134840,-0.006092,-0.273389,0.095936,-0.070778,-0.248318,-0.131904,-0.008297,-0.110470,-0.051399,-0.071849,0.096821,0.152149,-0.036248,-0.122631,-0.110867,0.140161,-0.042770,0.070930,0.217187,-0.022704,-0.093414,0.026367,-0.017966,-0.091671,-0.025485,-0.152009,0.081948,-0.078874,0.044531,-0.004825,0.207301,0.248495,-0.066141,0.047869,0.168468,0.158714,0.130091,0.005654,-0.073748,-0.076901,-0.049887,-0.034913,-0.072506,0.037243,0.110088,0.179224,0.086398,0.005856,0.013699,-0.030860
-0.031301,0.007237,0.072858,0.083538,-0.006776,-0.006347,-0.054992,0.027615,-0.043571,0.013334,-0.023002,0.023944,0.040093,0.026964,-0.046033,-0.000779,0.018369,-0.115201,-0.044511,-0.122208,0.022990,0.015076,-0.005822,0.055254,0.007314,0.020860,-0.009785,-0.000160,-0.000093,-0.073246,0.016362,0.041434,-0.124094,0.007635,0.083051,0.102172,0.080119,-0.059448,0.048065,-0.046571,0.001658,0.051115,-0.022087,-0.037016,-0.015900,-0.012324,0.055335,-0.079759,0.042530,-0.051697,0.001178,-0.171107,-0.011173,0.108543,-0.018795,-0.041114,-0.082368,-0.050396,-0.055994,-0.004834,0.002943,-0.115757,-0.031325,0.030612
-0.032808,-0.008416,0.115153,0.080363,0.094363,0.043147,-0.306143,-0.053363,-0.003424,-0.094626,0.001522,-0.038084,-0.110609,0.082700,0.008742,0.007206,0.000510,-0.049443,-0.019995,-0.121175,-0.016550,-0.073570,-0.017826,-0.004844,-0.288282,0.073624,0.063719,0.036427,0.015863,0.055903,0.064087,0.019611,-0.111509,0.042479,0.084674,0.100769,0.089364,0.088611,0.007211,-0.057430,0.045937,-0.036627,0.063912,0.001346,0.059475,-0.128400,0.124572,-0.059868,-0.180414,0.067132,-0.132483,-0.021373,-0.102895,0.223960,-0.165933,-0.103672,0.250870,-0.051186,-0.289161,-0.052579,-0.083211,0.009926,0.096311,-0.067977
-0.033497,-0.115323,0.021644,0.059270,-0.075285,-0.197247,-0.104805,0.046356,-0.099054,0.062804,-0.015714,-0.135276,0.107927,0.082189,-0.029579,0.297681,0.011204,-0.026668,-0.195813,-0.040912,-0.021988,-0.032385,0.084722,-0.129548,0.003931,-0.127405,0.087228,-0.005745,-0.033726,-0.006432,0.239418,-0.058223,0.061161,-0.026703,-0.102104,0.109391,-0.029117,-0.019243,-0.007698,0.067357,0.022301,0.026779,0.121183,0.005901,0.172788,0.041049,0.005656,0.024027,0.022279,-0.025752,0.077254,-0.004091,-0.007709,-0.023260,0.058368,0.034303,-0.064911,0.201073,-0.162082,0.059844,0.060133,0.015437,0.057881,0.138728
0.000714,0.012570,0.009991,0.035342,-0.052476,0.054115,0.046275,-0.041521,-0.044339,0.020844,-0.057509,-0.018873,-0.038961,0.024895,0.004751,0.022507,-0.047991,-0.227287,0.031267,-0.030775,0.023383,0.072203,0.027226,0.176305,0.222371,0.009507,0.029006,-0.073890,-0.018617,-0.093520,-0.020341,-0.025372,-0.162647,-0.004605,0.124994,0.023934,0.014306,-0.013397,-0.069680,-0.025286,0.084949,0.062548,0.051933,0.023469,-0.083793,0.037476,-0.019776,-0.127467,0.009982,-0.006689,0.013213,0.034610,-0.009804,-0.074343,0.075546,0.006298,-0.036594,-0.060707,0.037802,0.061278,0.006518,-0.201217,-0.086648,0.055927
0.033036,-0.011902,-0.020736,0.056040,-0.020340,0.036480,0.059310,-0.019947,-0.029017,0.013439,-0.047979,-0.032138,-0.021207,0.009612,-0.067384,0.025475,0.082442,0.031003,-0.003309,-0.007469,0.009113,-0.073596,0.006801,-0.036143,0.048447,0.018605,-0.013751,-0.047351,0.005558,-0.019145,0.039227,0.016452,-0.076889,-0.004381,0.002439,0.033922,-0.003487,0.013407,0.062055,-0.066164,0.040905,0.038290,0.042445,-0.012984,0.056733,-0.000805,-0.039343,-0.048205,0.060657,-0.027424,-0.013431,0.029168,0.047484,-0.007837,0.092327,0.029491,-0.082325,-0.011708,-0.034647,-0.000586,0.007100,-0.173263,-0.056146,0.043172
-0.090387,-0.041463,-0.047717,-0.095575,-0.003677,-0.147482,-0.128442,-0.038047,-0.002772,-0.205918,-0.147759,-0.132807,0.006635,-0.107504,-0.080027,-0.298985,-0.065150,0.065640,-0.046496,-0.015245,-0.082555,0.027365,-0.069400,0.053362,0.013395,0.158435,-0.007921,0.056332,-0.109995,0.058815,-0.012361,-0.076096,-0.254144,-0.059856,0.003479,0.001145,-0.037949,0.161560,-0.166092,0.190757,-0.024026,-0.028586,0.047892,0.076130,-0.055320,-0.041490,0.025572,-0.054867,-0.274909,0.714003,-0.025958,0.601053,-0.063722,-0.055814,-0.007935,0.118327,0.188775,-0.017538,-0.209089,0.101662,-0.345348,-0.135152,-0.062329,0.188692
0.006359,0.010466,0.005003,-0.008325,0.011601,0.012239,0.011098,-0.010877,0.023265,-0.024880,0.001682,0.008436,-0.004161,-0.007356,-0.017851,0.004168,0.031750,0.063117,0.000878,-0.016191,-0.005126,-0.024171,0.006669,-0.015677,-0.033811,0.002201,-0.001081,-0.015271,0.004246,0.014266,-0.001911,0.015848,-0.009888,-0.003301,-0.020109,-0.011356,-0.012000,0.027300,0.026391,-0.011325,-0.010555,0.002560,-0.033313,-0.011570,-0.002230,-0.006491,0.017757,0.000883,0.008198,0.010224,-0.044383,0.034957,0.023738,0.013349,0.017428,-0.001009,0.000573,0.003472,-0.011939,0.018717,-0.007807,-0.007107,-0.004989,-0.004110
-0.050394,-0.012555,0.018987,-0.073726,0.017908,-0.035729,-0.020179,0.028275,-0.005940,0.015709,-0.005660,0.032544,0.005022,-0.015692,-0.019051,0.008280,-0.030469,0.004466,-0.015178,-0.047951,-0.005447,0.017284,0.002484,-0.015819,0.016042,-0.009271,0.005235,0.049961,-0.035358,0.006390,0.010425,-0.024357,0.044105,-0.027867,-0.006184,0.021245,-0.025322,-0.062674,-0.024777,0.067759,-0.022192,0.008223,-0.003086,-0.031031,-0.009600,0.029864,0.099174,0.058934,-0.032254,0.030947,0.052279,0.044541,-0.029370,0.034019,-0.061465,-0.015391,-0.035283,-0.021389,0.001052,0.058872,-0.012363,-0.060027,0.002795,-0.017040
0.171375,-0.018700,-0.179971,0.169595,0.055912,-0.094689,-0.156775,-0.029836,-0.013764,0.165534,-0.055423,0.055935,-0.017366,-0.209469,-0.042400,-0.727775,-0.125246,-0.016029,0.001075,0.083929,-0.010052,0.004043,-0.324345,0.005242,-0.057677,0.326072,-0.199948,-0.049812,0.016408,-0.049061,-0.164049,0.084504,0.142227,0.022425,0.011862,0.212918,0.004233,-0.051348,0.001930,0.123452,0.023541,0.006745,0.074185,-0.050263,0.158189,-0.037646,0.003017,0.085733,-0.135775,0.232798,0.033204,-0.156168,-0.043720,0.050755,-0.062310,-0.050957,-0.041349,-0.176712,-0.012017,0.010928,-0.162645,0.106344,0.007201,-0.022956
-0.029715,-0.000554,0.032839,-0.032029,-0.034526,-0.081799,-0.005531,0.071600,-0.018895,-0.011006,0.050768,0.002865,0.076915,0.015904,0.054588,-0.016375,-0.000735,-0.049374,0.057159,0.068015,0.017332,0.044612,-0.009356,0.091342,0.177457,-0.025526,-0.002766,0.100528,-0.007052,-0.056984,-0.022218,0.016909,-0.033270,0.011893,0.022407,-0.003803,0.020530,-0.054196,-0.025742,0.001661,-0.065921,-0.025137,-0.014492,0.059014,-0.045830,-0.013604,-0.072502,-0.011244,0.026698,-0.031371,0.075677,-0.165878,-0.024371,0.004934,-0.055226,0.016644,-0.017732,-0.005997,0.025190,-0.170799,-0.006230,0.151819,0.019021,0.030504
0.041229,0.001832,-0.037561,-0.052603,-0.015733,-0.021374,0.115977,-0.043850,-0.026656,0.045337,0.130147,0.023618,0.156611,-0.277001,-0.183407,-0.287781,0.000519,0.048679,-0.060849,0.146660,-0.006358,0.046615,-0.231171,-0.113479,-0.018278,0.150538,-0.268347,0.023004,0.070164,-0.012859,-0.255580,-0.119102,0.107398,0.030825,-0.056260,0.219648,-0.163987,0.107934,-0.003453,-0.030324,-0.158302,0.101845,-0.020634,0.019005,-0.094984,-0.013484,0.050612,-0.218103,0.296514,0.028204,-0.101900,-0.003198,0.057189,-0.057134,0.445464,-0.032544,-0.008080,-0.038229,0.090073,-0.012131,-0.170338,0.140753,0.186829,-0.014287
0.020910,-0.100062,-0.024711,0.012880,-0.013036,-0.142951,-0.020946,0.033733,-0.139719,0.016647,-0.042848,-0.038727,0.088338,0.041468,-0.117755,0.267329,0.099583,0.023583,-0.189615,0.034648,0.017647,-0.220672,0.065718,-0.155090,-0.018789,-0.040190,0.030609,-0.077769,-0.078913,0.005360,0.101781,0.002613,-0.067752,0.001996,-0.025266,0.033521,0.054867,-0.024494,0.138818,-0.176047,0.023861,0.021893,0.118367,-0.027108,0.169610,0.043237,-0.045012,-0.103912,0.162093,-0.130052,-0.039463,-0.010379,-0.019017,0.049456,-0.047477,-0.015925,-0.093665,0.077589,-0.120275,0.018979,0.080691,-0.253625,0.042718,0.070651
-0.347341,0.082598,0.210152,0.025065,0.061570,0.133215,0.094404,0.073742,0.123607,-0.084927,0.072278,0.143831,-0.123284,0.076417,0.045085,0.238089,-0.009127,0.120796,-0.038823,-0.203133,-0.003110,0.124023,0.011265,0.032450,-0.020916,-0.101117,0.026786,0.247892,0.014226,0.030737,-0.004996,0.007592,-0.038120,0.065693,0.180276,0.019764,0.034835,-0.070918,0.041822,0.056435,-0.215671,-0.004685,-0.275305,-0.088677,-0.395794,-0.037802,0.013928,-0.062530,0.008099,-0.026454,0.118468,-0.036769,-0.088585,0.044673,0.001279,0.084957,-0.054385,-0.008109,0.006183,-0.030908,0.064350,0.009648,-0.004168,-0.171419
-0.019880,0.036551,0.240616,0.117483,-0.113483,0.053695,-0.009616,-0.018389,0.034674,-0.004674,0.127187,0.080375,-0.060597,0.081402,0.098391,0.168631,-0.082471,0.021919,0.168843,0.019628,-0.016304,0.244342,0.052948,0.144909,0.023294,-0.081515,0.072524,0.043115,0.037809,-0.090015,0.019828,0.023031,0.056327,-0.027777,0.078891,0.060097,-0.093562,0.014583,-0.026235,0.103773,-0.064859,0.061047,-0.081056,-0.022565,0.026473,-0.057163,0.014403,-0.039561,-0.069529,-0.145270,-0.006370,-0.091893,-0.015004,0.121577,0.100008,0.046196,-0.112960,0.031758,-0.063508,-0.032966,0.074438,0.097123,-0.125894,-0.035917
-0.063890,0.091268,0.014876,-0.054181,0.044140,0.094534,0.079162,0.066618,0.065080,-0.110533,-0.051921,-0.043597,0.015229,-0.005032,-0.026622,-0.047500,0.048811,0.056724,0.004944,-0.200643,-0.003177,0.045157,0.032147,-0.001634,-0.051692,-0.023195,-0.017951,-0.035261,0.052349,0.024216,0.002259,0.014623,-0.107256,0.025607,-0.052030,-0.156173,0.058987,0.011040,0.010453,0.068765,-0.042560,0.016263,-0.201765,0.003761,-0.268133,-0.032719,0.036707,0.046852,0.014528,0.118803,-0.067247,0.061770,0.116954,-0.035181,0.083654,0.002741,0.040318,-0.006572,0.078231,-0.000655,-0.049639,0.075380,-0.014475,0.034060
-0.152219,-0.069069,-0.018292,0.226832,0.063736,-0.060523,-0.092824,-0.113702,0.105959,0.077913,0.035981,0.015534,-0.160118,0.110342,0.069856,-0.031053,0.157016,-0.118565,0.094729,-0.106901,0.012558,-0.076059,-0.044485,0.107362,0.122027,0.033595,0.036286,0.157565,-0.012815,-0.033263,0.067502,0.150725,-0.150312,-0.008329,0.039505,0.446816,-0.042204,0.125458,0.013090,-0.161014,0.079059,-0.050137,0.061240,-0.015498,0.111679,0.029250,0.104774,-0.173542,-0.052096,-0.038709,0.236450,-0.203178,-0.030911,0.068951,0.037929,0.047901,-0.118751,0.046381,-0.231461,0.057699,-0.010828,-0.017898,0.052178,0.021981
-0.019793,0.002612,-0.106028,-0.085210,0.106200,-0.062356,0.062091,-0.104200,0.101858,-0.031525,0.047730,0.176938,-0.019079,-0.109667,-0.044610,-0.123832,0.081451,0.039249,-0.054627,0.024152,0.009463,-0.123781,-0.069835,0.026720,-0.014488,0.093060,-0.046419,0.013033,-0.077834,0.046195,-0.205490,0.063077,-0.014340,-0.004511,0.041547,0.081262,-0.045868,0.106197,0.064016,-0.174876,-0.033516,-0.042448,-0.068284,-0.049723,-0.032384,0.082188,0.044722,-0.143647,0.105454,0.022313,-0.067863,0.084348,-0.035749,-0.013445,-0.098828,-0.047222,0.002849,-0.044185,0.072341,0.159609,-0.038302,-0.101018,0.097775,-0.089580
-0.022324,0.038276,-0.045155,-0.066681,0.089071,-0.152993,-0.043569,-0.064512,0.071646,0.008680,0.020602,0.174904,0.009159,-0.015229,0.004250,-0.024167,0.072444,0.057396,0.097371,-0.052553,0.011645,-0.099682,-0.021234,-0.006313,-0.031463,-0.031041,-0.009202,-0.030632,-0.003079,-0.036122,-0.044886,0.080942,-0.069437,-0.043093,-0.144676,0.071579,-0.038027,0.099021,0.037839,-0.001053,-0.047740,0.019392,-0.111518,-0.025474,-0.119473,-0.012937,0.181533,-0.003743,-0.006207,-0.047987,0.019528,-0.056114,0.085548,0.057310,-0.008605,-0.065053,-0.059733,-0.009444,0.042096,0.045643,-0.085242,0.069921,0.084106,0.080078
-0.006059,0.041455,0.012431,0.035121,0.085888,0.139931,0.121726,-0.047018,0.013306,-0.032786,0.025296,0.062682,-0.227163,-0.063464,-0.094382,-0.078153,-0.056219,0.135654,0.062361,0.041934,-0.007658,-0.007709,-0.049548,-0.118436,-0.108409,0.110901,-0.046966,0.068200,-0.010867,0.069456,-0.152806,-0.108427,0.020631,0.084045,0.176250,0.000112,-0.064423,0.026686,0.085567,-0.024246,-0.040524,0.002848,-0.010198,-0.036439,-0.073833,-0.037938,-0.098538,-0.090763,0.010134,-0.022236,-0.044693,0.200653,-0.056791,-0.025555,-0.032331,0.015951,0.050041,-0.185324,0.046231,0.003555,0.001920,-0.196208,0.054204,-0.234734
-0.133634,-0.139440,-0.008178,-0.144768,-0.018865,0.057337,0.048770,-0.009329,0.023319,-0.031004,0.038720,0.011009,-0.035028,0.012839,0.147554,-0.017017,0.159951,-0.085816,0.045364,0.093867,0.022678,-0.140899,-0.087085,0.074848,0.126230,0.033389,-0.029955,0.018004,-0.062542,0.076709,-0.033758,0.159340,0.030916,-0.070887,-0.028756,0.040581,0.079996,-0.008396,-0.074834,-0.356767,0.009751,-0.097168,0.097821,0.030306,0.157329,0.095399,-0.066972,-0.112627,0.117586,-0.054965,0.232814,-0.123167,-0.149565,0.138759,-0.003149,0.044386,-0.052207,0.069910,0.066079,-0.104598,0.027436,-0.079871,-0.162990,0.026167
0.051256,-0.015898,0.030858,0.118877,-0.056148,0.125959,0.107433,0.044769,0.026190,-0.028199,-0.039779,-0.154640,-0.129661,0.030559,-0.036917,-0.019336,0.146513,0.284660,0.040067,-0.092798,-0.037354,-0.016169,0.006785,-0.112914,-0.016197,0.033311,0.008002,-0.035989,0.086964,0.030180,0.150635,0.047735,0.076231,-0.006517,-0.087202,-0.008584,-0.103610,0.030941,0.081239,0.070149,0.013627,0.045168,-0.026152,-0.016149,0.132885,-0.059237,-0.122972,0.107930,-0.017742,0.079273,-0.012347,0.091117,0.099968,0.008779,0.245734,0.121041,-0.131302,0.045646,-0.128412,-0.083474,0.025422,-0.006829,-0.151889,0.028086
0.071048,-0.008174,0.007960,0.050230,-0.008884,0.086112,-0.040517,0.020627,0.009585,0.027307,0.038023,-0.091377,-0.007231,0.018986,0.042855,-0.053496,-0.006808,-0.042429,0.001834,-0.002505,-0.004602,0.050766,0.006053,0.029393,-0.026500,0.023854,0.011412,-0.006634,0.044209,0.023437,0.027107,0.013415,0.119637,0.017461,-0.002221,0.004922,-0.014834,-0.024922,-0.019750,-0.003553,0.058638,-0.024742,0.041048,0.010990,0.131131,0.004429,0.013671,0.065905,-0.021689,-0.036846,-0.051884,-0.114943,-0.003268,0.019796,-0.002700,-0.033689,0.049389,0.026796,-0.068426,-0.012627,0.059199,0.139542,0.022224,-0.071123
-0.034758,0.043071,0.082725,0.021535,-0.069574,0.101618,-0.012379,0.042551,-0.034779,0.083171,0.029290,-0.056462,0.044248,-0.005035,0.041528,-0.047456,-0.196063,-0.369124,-0.037089,-0.138750,0.006300,0.359741,0.005657,0.184418,0.119710,-0.011790,0.012359,0.036661,0.048337,-0.084171,-0.022531,-0.131256,0.091581,0.015918,0.132556,0.044778,-0.033868,-0.113973,-0.186033,0.183573,0.045772,0.077307,-0.013972,0.010727,-0.151398,0.051935,0.102628,-0.016322,-0.016380,0.000300,0.019494,-0.093927,-0.032323,-0.086020,0.100716,-0.056084,0.028769,-0.016174,0.061480,0.106929,0.028873,0.090206,0.034922,-0.044665
0.052005,0.071201,-0.068737,0.024532,0.007591,0.322227,0.051317,0.009744,0.033821,0.024277,-0.093266,-0.073853,0.085409,0.032956,0.009730,-0.082848,0.038149,-0.103512,0.007484,-0.004257,0.032990,-0.029501,0.016507,0.009338,-0.144174,-0.001851,-0.070842,-0.034821,0.081314,0.059178,0.022627,0.040597,-0.046616,0.023482,0.012377,-0.195460,0.216117,-0.091846,0.011036,-0.127333,0.130701,-0.064422,0.019663,-0.018501,0.020372,-0.004323,0.023227,0.113024,0.016370,-0.035541,-0.074853,-0.108500,0.078202,-0.008442,-0.052518,-0.027694,0.106101,0.000053,0.081926,-0.022072,0.050928,-0.076075,-0.089860,-0.050500
0.027451,0.026519,0.073202,-0.115674,-0.078730,-0.015721,-0.027555,-0.064829,-0.030737,0.055711,-0.024285,0.223594,0.067547,-0.038343,-0.021561,0.045746,-0.010844,0.048112,0.050878,0.062971,0.008522,0.000433,-0.057389,0.051027,0.006458,-0.014613,-0.024340,-0.027242,0.006682,-0.101308,-0.003400,0.011352,0.030918,-0.111755,-0.018600,-0.004439,-0.043839,-0.042160,-0.019244,0.076476,-0.042169,0.107820,0.007180,-0.067297,0.004922,-0.040506,0.118698,0.050014,-0.032205,-0.030065,-0.041265,0.064058,-0.005040,0.118792,0.032135,-0.018426,-0.122238,-0.052219,0.046825,-0.014330,-0.086402,-0.228693,-0.155961,0.092235
-0.078499,-0.044962,0.193698,-0.368355,0.021818,0.030064,-0.044948,0.126477,-0.071925,-0.203283,0.086243,0.035417,-0.035921,-0.036930,0.012248,0.026027,0.131875,0.207445,0.088247,0.012735,-0.005015,-0.129243,-0.096357,-0.097028,-0.033032,0.043065,-0.021452,0.051444,0.003204,0.069994,-0.014417,0.011842,0.100309,-0.028066,-0.066787,-0.152768,-0.012096,-0.058440,-0.013894,-0.089328,-0.187290,0.010386,-0.015433,0.053484,-0.045486,-0.113207,-0.019716,0.029952,0.072331,-0.003367,-0.032651,0.020507,-0.117850,0.310326,-0.034263,-0.060583,0.089982,-0.095081,0.007043,-0.398094,-0.134030,0.022054,-0.045175,-0.031727
