0.034227,0.125208,-0.046564,-0.031972,-0.094880,-0.043784,0.000957,-0.027123,-0.114252,0.149017,-0.026032,-0.041477,0.031504,0.025665,0.038720,0.085459,-0.253295,0.034314,0.054364,0.128251,0.037510,0.002728,0.016698,0.010670,-0.014522,0.114777,-0.008665,0.023917,0.120499,0.074970,0.007875,0.091360,-0.060015,-0.109736,-0.127547,0.013936,-0.042401,-0.096347,-0.001154,0.052072,-0.040802,0.009473,-0.126409,-0.073427,-0.023293,0.083190,0.047078,0.048156,-0.155435,0.079669,-0.133502,0.052579,-0.084937,0.088381,0.039948,0.002335,0.127292,-0.101762,-0.067549,0.038310,0.095750,-0.010947,0.138075,-0.019123
-0.018361,-0.113065,0.016941,-0.042129,0.145020,0.081352,-0.029272,0.066463,0.130862,-0.087863,0.144828,-0.045267,-0.051214,0.110131,-0.122991,-0.162837,0.091610,0.038979,-0.009503,-0.105162,0.014596,-0.012923,0.015620,-0.038711,-0.022741,0.246539,0.050052,0.248705,-0.127706,-0.015854,-0.018693,-0.057304,0.059660,-0.063255,-0.013809,0.006010,0.006859,0.007909,0.047669,0.067465,-0.008602,-0.032525,-0.057863,-0.081185,0.005438,-0.184829,0.014217,-0.032834,0.044107,-0.009596,0.072758,-0.016369,0.063487,-0.129177,-0.081397,0.010045,0.138265,-0.067471,0.041759,-0.034917,-0.062125,0.014034,0.033864,0.000870
-0.018822,-0.001327,0.108010,0.068766,-0.013928,-0.076597,0.095532,0.088000,-0.144485,0.094165,0.037634,0.018858,-0.022383,-0.052065,-0.033803,-0.003366,0.091133,-0.192197,0.047704,-0.055300,0.021072,0.028190,0.047134,-0.054288,0.019380,-0.108401,-0.033091,-0.338400,-0.012509,-0.025188,-0.052837,-0.109922,0.072601,-0.052450,-0.061108,-0.025053,0.002159,0.051086,0.058246,0.021848,0.013633,-0.034702,0.138619,-0.020673,0.004192,0.130809,0.073198,-0.006546,0.041302,0.037924,-0.251931,-0.020242,-0.036625,-0.027092,-0.085877,-0.069188,-0.073715,-0.011637,0.103132,-0.030946,-0.012243,-0.056159,-0.177565,0.059181
0.035670,-0.042537,-0.040501,0.051354,0.089280,0.077912,0.040870,-0.010633,0.057764,-0.096507,-0.102927,-0.100914,0.038452,0.062094,0.080502,0.001972,-0.011280,-0.020291,0.059086,-0.029641,0.025053,-0.062122,0.044417,-0.007980,-0.043082,0.050585,-0.023675,0.054581,-0.012764,0.042881,-0.036492,0.124688,-0.167721,-0.007896,0.041961,-0.062817,0.066939,0.051201,0.004324,-0.010046,-0.041694,-0.038877,0.078534,0.021085,0.003221,-0.015596,0.015497,-0.051755,-0.098500,-0.007419,0.106714,-0.031751,0.001475,-0.025612,-0.005626,0.032483,-0.005254,0.107602,-0.191910,-0.069368,-0.007172,0.001450,0.079256,0.032459
0.053065,-0.097184,0.102427,-0.020797,-0.067628,-0.111333,-0.026004,-0.031376,0.068060,0.156925,-0.009250,0.033177,0.015946,0.168451,0.047897,0.021210,-0.113218,0.024415,-0.003143,0.150283,0.022024,-0.029444,0.025323,0.060213,-0.045455,0.030500,0.032448,0.024570,-0.007366,-0.065989,0.058071,-0.054101,0.240522,-0.155827,-0.019050,0.097883,-0.213462,-0.047184,-0.035740,-0.052030,0.055718,0.042260,0.007787,-0.048848,0.032125,-0.012281,-0.123760,0.021816,-0.062343,0.018984,0.066752,-0.011703,0.012667,0.028310,-0.093366,-0.007522,0.086543,0.081871,-0.034978,0.108375,0.047250,-0.026042,-0.055351,-0.005376
-0.043701,-0.077945,-0.214189,-0.011665,-0.003810,0.071306,-0.058447,-0.050663,0.118353,-0.152357,0.096573,0.028008,-0.058840,-0.150992,-0.088340,0.125198,0.044509,0.087103,-0.051870,-0.050313,0.037209,0.007640,-0.002908,0.009884,-0.013997,-0.056816,0.066768,-0.036127,0.161067,0.255779,0.056381,0.048356,-0.071992,0.038430,-0.028485,0.034378,0.065904,0.014959,-0.064525,-0.070691,0.017076,0.061062,-0.146765,-0.024712,0.017472,-0.082231,-0.141357,-0.058867,0.020673,-0.083556,0.145632,-0.111935,0.017952,0.028466,0.016768,-0.015580,-0.137563,-0.019169,0.167385,-0.189854,-0.065627,-0.060718,-0.100062,0.032310
-0.047278,-0.086527,0.064951,0.051767,0.089594,-0.045527,-0.011677,0.087777,-0.123364,-0.008900,-0.036314,-0.048363,-0.018680,0.029983,-0.071443,-0.086224,0.197972,-0.096208,0.084400,0.137228,0.032565,-0.089371,0.033505,0.009578,0.004830,0.087830,0.081462,-0.024744,-0.189439,-0.260684,-0.007706,-0.065902,0.109092,-0.037883,0.051111,0.072076,0.032104,0.040679,0.099350,-0.014929,-0.034679,0.029673,0.145703,-0.019477,0.007232,0.101201,0.071631,0.021842,-0.083140,0.108078,0.011365,0.055823,-0.026508,0.106080,0.102387,-0.059027,-0.001861,0.074201,0.002599,0.119478,-0.042276,-0.040557,-0.002616,0.040705
0.037747,-0.096029,-0.075357,0.114814,0.074630,0.045438,-0.011514,-0.143727,-0.052824,0.003573,-0.076628,-0.015721,-0.040103,-0.166039,0.036340,-0.011526,0.058972,0.047578,0.023078,0.066521,-0.008021,0.008733,0.099057,-0.060031,0.010233,-0.139685,-0.022714,-0.123275,-0.030509,0.005141,-0.043038,-0.037596,0.059125,0.089592,0.126861,-0.047711,0.153553,0.077211,0.043454,-0.056122,0.085040,0.214532,0.245867,0.183831,0.011787,-0.015228,-0.151005,-0.017773,0.031612,-0.030559,-0.027511,0.023063,-0.054270,-0.205106,0.007940,-0.015607,-0.024466,0.021405,-0.102781,-0.074715,-0.068188,-0.090002,-0.027715,0.050290
0.034849,0.043814,0.011556,-0.064194,-0.074272,0.005399,0.035883,-0.027174,0.034115,0.009681,-0.171437,0.011896,0.066064,-0.053491,0.060968,-0.002811,-0.119535,-0.053000,0.092777,0.036571,0.030959,0.023450,0.023647,-0.029625,0.096888,-0.063792,0.010297,0.087028,0.006690,-0.013143,0.044336,0.132175,-0.132404,-0.018537,-0.009716,0.009189,-0.042764,-0.090079,0.057081,-0.060046,-0.021999,-0.079229,0.029090,0.078293,-0.074963,0.083399,0.046896,0.013337,0.030975,-0.092484,0.034069,-0.109709,0.003400,0.137821,-0.080532,0.077704,-0.038531,0.070654,0.195479,-0.110359,0.041683,-0.041805,0.014148,-0.043299
-0.009953,0.165255,0.039150,0.016945,-0.010902,-0.083746,-0.028548,-0.003263,-0.053528,-0.122997,-0.049199,0.006550,0.080637,-0.074275,0.034928,0.240272,0.023552,-0.080903,-0.023642,0.070921,0.029697,-0.012699,0.000399,-0.045900,0.032976,-0.164250,0.089271,-0.240948,0.062450,0.036977,0.058470,0.074905,-0.108680,-0.036041,0.014207,0.048677,-0.125891,-0.156923,-0.083926,0.071222,0.108309,0.010264,-0.072585,-0.052746,0.004771,-0.023424,-0.068170,0.076315,-0.119646,-0.035087,0.053431,0.003076,0.049278,0.145991,0.002977,0.103738,-0.161497,-0.005149,-0.085375,0.067273,0.061571,-0.051879,-0.015294,0.000785
-0.019499,-0.250469,-0.033007,0.007648,-0.099083,0.227948,0.017653,0.081514,0.003607,-0.075955,-0.086746,-0.080147,-0.120983,0.044634,-0.006093,0.078376,0.117024,0.142688,0.215914,-0.100878,0.025532,0.004157,0.041425,-0.048713,-0.019817,0.117391,-0.004186,0.351472,-0.072660,-0.141750,-0.164573,-0.137013,-0.110829,0.058414,0.235434,-0.105511,0.222126,0.168882,0.082823,-0.126298,-0.214310,-0.066279,0.071973,-0.081196,-0.067085,-0.122848,-0.051375,-0.087440,0.081941,-0.115086,0.032294,0.061827,-0.021169,-0.012574,0.098228,-0.077878,0.040190,0.038674,0.125551,-0.112087,-0.019259,-0.003948,0.020487,-0.013180
0.076608,0.061709,0.100451,0.018855,-0.025422,0.000281,-0.002282,0.026057,-0.121114,-0.040217,0.002828,0.018021,0.023468,-0.089302,0.018765,-0.158391,-0.028150,-0.005130,-0.049248,0.034652,-0.028156,0.085489,0.123925,-0.024926,-0.085715,-0.025286,-0.049570,0.047958,-0.151046,-0.070318,-0.041195,-0.103085,-0.056797,-0.010786,-0.060451,-0.110081,0.092924,-0.008727,-0.044443,0.042391,0.030499,-0.001092,-0.037714,0.110142,-0.002962,0.057799,0.229542,0.045314,-0.097210,0.017673,-0.042978,0.088977,-0.060269,-0.034424,-0.012301,-0.092548,0.016134,-0.055774,-0.065691,0.172424,-0.000313,0.033396,0.000884,-0.026108
0.041902,0.213481,-0.040191,-0.079480,-0.011002,-0.077748,-0.011725,0.062940,0.009917,0.194597,0.116806,-0.008251,0.136941,-0.073983,0.044146,-0.061934,-0.057665,-0.136560,-0.107160,-0.158705,-0.036062,0.013815,0.034529,-0.049421,-0.021837,0.086064,-0.094554,0.171556,-0.072254,0.063785,-0.035226,0.099489,0.102390,-0.072361,-0.144934,0.103816,-0.032196,0.004198,-0.061432,0.029523,-0.063413,-0.099074,0.017314,0.015542,0.089661,0.021429,0.168956,-0.038939,0.017842,0.155607,-0.126891,-0.002259,0.134219,0.066148,0.023779,-0.186033,0.106217,-0.010496,0.068584,-0.017748,0.055890,-0.023161,0.178415,0.025947
0.047126,-0.022044,0.057117,0.098842,-0.031857,0.125069,0.061716,-0.094259,-0.094844,0.079164,-0.033356,-0.057666,-0.175670,0.077960,0.118831,0.068054,-0.114113,0.191454,0.113491,-0.021828,-0.017855,0.017480,-0.004367,-0.012665,-0.103650,-0.125972,0.051279,0.067084,0.094151,0.072977,-0.000978,-0.017987,-0.174431,0.148515,0.091387,-0.162408,-0.006656,-0.151910,0.065600,-0.039794,-0.006976,0.074282,-0.128632,-0.040455,-0.010874,-0.016184,-0.239665,-0.021068,-0.006081,-0.105777,-0.164173,0.043643,-0.079478,-0.100380,-0.017641,0.041308,0.109732,-0.182034,-0.223084,-0.038472,0.102150,-0.025808,-0.082159,-0.036204
-0.029086,-0.043699,0.171099,0.004004,-0.206191,-0.056304,0.031914,0.092518,0.066247,-0.039544,0.039722,0.071701,0.159128,0.119848,0.060904,0.027818,0.054820,-0.076980,-0.083676,-0.006390,0.007448,0.006382,0.001438,-0.042488,-0.063925,0.107937,-0.038160,-0.173546,0.010239,-0.058239,0.031733,0.007100,-0.013580,-0.157074,-0.089166,0.051698,-0.047188,-0.031556,0.005269,0.001800,-0.001629,-0.087890,-0.106129,-0.082006,0.012659,0.023660,0.093903,-0.028763,-0.079606,-0.156703,0.029642,-0.011302,0.029631,0.166805,-0.036468,-0.014105,-0.089509,0.068509,-0.010649,0.085876,0.075072,0.028228,0.038740,-0.026189
0.012944,-0.068196,-0.136531,-0.047764,0.113804,0.005053,0.049829,-0.044746,-0.088627,-0.019011,0.198852,-0.003351,-0.137318,-0.059754,-0.061660,-0.198257,-0.011744,0.146519,-0.023013,-0.044977,-0.024341,-0.014847,0.065817,0.014362,0.083611,-0.054885,-0.090807,0.228303,-0.099067,-0.061593,-0.074848,-0.029026,0.044032,-0.018773,0.015148,-0.030226,0.113065,0.214103,0.007486,-0.078446,-0.096710,-0.100073,-0.033743,-0.019777,-0.008776,-0.024789,0.014933,-0.039865,0.045022,0.253902,-0.032076,0.048595,-0.066707,-0.021155,0.202865,-0.012153,-0.264478,-0.015342,-0.056142,0.064505,-0.089191,0.014266,0.054727,-0.007639
-0.004438,0.113950,-0.040095,-0.006169,-0.068531,0.072213,-0.050809,0.124518,0.095825,0.199789,-0.119299,-0.052375,-0.052652,0.027008,-0.071374,0.072850,0.037385,-0.093155,0.000560,-0.040366,-0.022624,-0.018674,-0.041909,-0.029920,-0.025250,0.074265,0.017563,0.165886,0.070301,0.103267,0.001715,-0.009445,0.279203,0.019649,0.041751,-0.020166,-0.044882,-0.048652,0.027056,-0.016543,0.014636,0.007447,-0.169091,-0.023538,0.031933,-0.098889,0.065019,-0.082978,-0.037128,0.182177,0.054436,-0.066131,0.124065,-0.004322,0.018707,-0.056898,0.405367,-0.094813,0.031586,0.005251,-0.022829,-0.021723,-0.133676,-0.030115
-0.022093,0.132035,0.059684,-0.073027,0.256506,-0.211622,0.016910,-0.125554,0.002517,-0.066196,0.049312,0.074910,0.006119,0.015437,-0.159272,-0.055482,0.027695,0.144097,-0.129145,0.136370,0.001336,-0.001242,0.082268,0.130214,0.115741,0.069414,0.038060,-0.310597,0.015699,-0.026403,0.047809,-0.034718,0.080186,-0.191826,0.020120,0.109333,-0.132589,-0.148461,-0.010067,0.100543,0.127635,0.193670,0.065149,0.070949,0.038902,0.167590,-0.297158,0.058540,-0.011625,0.009044,-0.016146,0.064380,-0.033966,-0.134461,-0.008569,0.083146,-0.074553,-0.026528,-0.092137,-0.070567,-0.014856,-0.018551,0.176839,0.002106
0.014632,-0.024729,-0.060034,-0.010130,0.004366,0.034183,0.057837,0.019810,-0.058594,0.145171,0.152661,-0.084427,0.005314,-0.043141,0.085333,0.010527,-0.227451,-0.112816,0.015707,-0.035756,-0.033091,0.011349,-0.001817,-0.069805,0.012641,-0.275321,-0.032889,-0.068079,0.034977,0.110967,0.018211,0.035852,0.068146,0.045529,-0.125952,0.023685,-0.004267,-0.075661,0.020931,0.022825,0.004790,-0.052391,-0.016612,-0.002595,0.028527,0.020832,0.267867,-0.028544,0.013480,0.081312,-0.077962,-0.016044,0.059319,-0.045582,0.031113,-0.059369,0.045233,0.061705,0.051329,0.062763,0.096320,-0.026315,-0.197067,-0.010835
0.008223,-0.024797,-0.123710,0.054161,-0.188951,-0.042960,-0.051376,-0.203287,-0.001750,-0.096852,0.097162,-0.016256,-0.039716,-0.011168,-0.085012,0.053139,0.071548,0.181326,0.044425,0.112295,-0.001895,0.016433,0.105646,0.056969,0.061928,-0.082298,0.017300,-0.109304,0.167421,-0.044752,0.008705,-0.036098,-0.037528,-0.166748,0.159039,-0.003697,-0.272981,0.147141,-0.056922,0.146815,0.080506,0.146277,-0.008528,-0.017439,-0.077027,-0.015196,-0.108136,0.001222,0.072133,-0.096316,0.105174,0.038077,-0.190539,-0.046043,0.056509,0.243048,-0.233162,0.074631,-0.080993,0.144564,0.021560,-0.013162,0.015558,0.058523
-0.050265,0.034101,0.049241,-0.179926,0.021784,-0.020492,0.054219,0.149754,0.226554,-0.236318,-0.196909,-0.032360,0.061960,0.074749,0.032534,-0.022271,0.097748,-0.150369,-0.083598,-0.085216,-0.011714,0.042689,-0.003617,-0.057863,-0.052332,0.230437,0.026771,-0.211855,-0.028023,0.049140,0.062754,0.054010,-0.087704,-0.089058,-0.114892,0.057648,0.175442,0.019980,0.018517,-0.071160,0.088725,-0.090239,-0.015658,-0.001621,0.048745,-0.048703,0.044519,-0.083548,-0.170848,-0.111832,0.243654,-0.087577,0.098508,0.084396,-0.126221,0.072575,-0.088327,0.094313,0.144089,-0.125867,-0.277107,-0.009715,0.100736,-0.059433
0.039182,-0.026867,-0.042059,-0.086796,0.147230,0.086810,0.010983,-0.009436,0.078712,-0.046650,-0.018226,0.034476,0.184599,0.004736,-0.143536,0.006114,-0.061215,0.124121,-0.036547,-0.034820,-0.002203,0.091994,0.094752,0.012912,-0.024314,0.048993,-0.071810,-0.060924,-0.036960,-0.048633,-0.012128,-0.118752,-0.117334,-0.057869,-0.119174,0.048420,0.078071,0.100070,-0.004243,0.029537,0.033774,-0.074636,0.075527,-0.006477,0.117163,-0.132219,-0.032021,-0.094320,0.149251,-0.014507,-0.045964,-0.034942,0.040107,-0.140514,0.086940,-0.220633,0.161473,0.022249,-0.064928,0.132025,-0.072857,-0.020126,0.403906,0.036961
0.034792,0.131590,-0.048692,0.057569,0.298296,-0.013573,0.041912,0.054446,0.047310,0.024402,-0.026046,0.003709,-0.067780,-0.122006,0.050185,0.045061,-0.083923,-0.083219,0.039659,0.034468,0.023592,-0.014081,-0.074403,-0.019544,-0.050221,-0.051340,0.002820,0.048660,0.079700,-0.038738,-0.031085,-0.036533,0.105572,0.170929,0.128921,0.026856,0.069520,-0.203096,0.006577,0.042063,-0.032729,-0.120180,-0.011954,0.018925,-0.043197,0.148773,0.135115,0.033081,0.111080,0.061616,-0.064793,-0.036408,0.190936,-0.007564,-0.055905,0.051848,-0.046287,0.075307,0.040166,-0.058281,0.001433,-0.032790,-0.004618,-0.001915
0.032136,-0.033654,0.039181,-0.148193,-0.219851,0.045043,-0.053334,-0.073090,-0.125034,-0.031608,0.042019,0.053892,0.077856,0.097720,-0.063427,0.020547,0.169643,0.029004,-0.019297,0.008209,-0.025313,0.106043,0.020937,-0.050406,0.007157,0.014224,-0.107198,0.038715,-0.207547,-0.031915,-0.066568,0.000871,-0.046984,-0.035191,-0.026856,-0.031133,0.094709,0.072839,-0.010195,-0.127553,-0.063137,0.069016,-0.010335,0.062824,-0.060327,-0.021515,-0.057125,-0.033249,-0.111105,0.051093,0.116027,0.070414,-0.074161,0.117681,0.073597,-0.030571,0.129038,-0.049782,-0.087506,-0.034867,-0.065050,-0.082517,0.047540,0.025577
0.030678,-0.026307,0.054599,0.011125,-0.145420,-0.073083,-0.055798,-0.049490,-0.110988,0.049112,0.111178,-0.051909,-0.092294,-0.021030,0.169912,0.013071,0.031189,-0.061262,-0.025075,0.083327,0.035749,-0.153360,-0.026604,0.041361,0.022987,-0.158043,0.056625,-0.062498,-0.007619,0.080080,-0.048433,0.095401,0.288711,-0.120897,0.188028,0.002817,0.032659,-0.011855,0.037936,0.046046,-0.167823,0.079431,-0.035996,-0.096198,-0.042041,0.124397,-0.015725,0.051099,-0.034223,0.036815,-0.034583,0.042952,-0.064534,-0.039112,-0.039251,0.095128,-0.147036,0.104211,0.055435,-0.015447,0.156158,-0.024979,-0.262455,0.015295
0.029521,-0.052461,-0.038656,0.052375,-0.035822,-0.003122,-0.081896,0.123166,-0.017701,-0.007907,-0.063338,-0.091455,-0.053017,-0.021697,-0.097065,0.014283,0.071799,-0.050463,0.095670,-0.209721,0.038653,-0.118308,-0.036209,-0.009139,-0.002938,0.099467,0.067150,0.028051,-0.017705,-0.155813,0.035211,-0.053357,-0.086632,-0.009146,0.062717,-0.001362,-0.333558,-0.021461,0.065284,-0.124848,0.055840,0.081241,0.054323,-0.059912,-0.007019,-0.008147,-0.123082,0.054491,-0.083385,-0.085361,0.139555,0.051523,0.074863,0.070055,-0.079185,0.055064,-0.003226,-0.159249,0.086308,-0.056523,0.097263,-0.025529,-0.287865,-0.018460
-0.085881,-0.001168,-0.092649,-0.000697,-0.511107,0.027791,0.061576,0.036226,0.077282,-0.049565,-0.112177,-0.022316,-0.135093,-0.031520,0.130776,-0.023820,0.062705,-0.011920,0.052309,-0.000501,-0.058983,0.036902,0.002535,0.008189,0.011718,0.164990,0.058717,0.355020,0.022625,0.138867,0.049316,-0.005568,-0.117548,0.064525,0.039520,-0.080179,0.094051,0.096354,0.003173,-0.038191,0.095110,-0.048636,-0.066427,0.067638,-0.048034,-0.019654,-0.040178,-0.033884,0.024135,0.001427,0.000575,-0.110696,-0.150814,-0.021302,-0.010373,0.048218,-0.194974,-0.085815,-0.043481,-0.034489,-0.050766,0.052836,-0.075668,-0.093716
-0.035580,-0.151730,0.245577,0.050374,0.185662,-0.160466,0.005795,0.016470,-0.115123,-0.120914,-0.228213,0.080631,0.079069,0.060901,0.063613,-0.089823,-0.005656,0.153955,-0.071106,0.234551,-0.044661,0.117888,-0.011300,0.033324,0.128831,-0.037480,-0.039059,-0.242052,0.025226,-0.081066,0.050493,0.074564,0.110908,-0.069498,-0.057921,0.017048,-0.087337,0.092343,0.048681,0.078461,0.057277,0.042883,-0.088867,0.044355,0.062938,-0.170670,0.078088,-0.011898,-0.006462,-0.509471,0.044895,-0.167263,-0.086593,-0.073516,-0.125773,0.073723,0.081259,0.034410,0.222503,-0.076750,0.026810,-0.018779,-0.113112,-0.056651
0.040702,-0.013136,-0.040362,-0.025118,-0.035311,-0.002247,0.150974,-0.000743,0.116262,-0.048498,0.078467,-0.044828,-0.016012,0.097639,0.006101,-0.142920,-0.158982,-0.039478,0.006446,-0.193492,-0.001432,-0.005741,0.011594,-0.024136,-0.046998,-0.054548,0.041355,0.055594,0.084802,0.047049,-0.025723,0.079598,-0.047201,-0.025610,-0.035076,0.042930,-0.100155,-0.068463,0.062187,0.064861,0.063003,0.023463,0.001347,-0.056832,0.049834,0.052728,0.000973,-0.002144,0.041779,0.138338,-0.102670,0.077103,0.108763,-0.029906,0.042631,-0.036244,-0.143361,-0.037224,-0.015833,-0.008894,0.012154,0.092389,-0.089574,-0.010991
0.097051,0.206294,0.104920,-0.005026,0.206393,0.105684,-0.042362,-0.162698,0.057063,-0.038089,-0.043810,0.111892,0.098020,0.013039,-0.002720,-0.010667,0.072862,0.024385,0.012834,-0.074812,-0.020313,-0.001139,0.068694,-0.000466,-0.000798,0.023565,-0.043277,-0.047006,-0.007561,0.045459,-0.070539,0.071627,-0.217483,0.054627,-0.238433,-0.093808,0.023415,-0.008995,-0.126663,-0.026777,-0.025005,-0.112010,-0.029277,0.036553,-0.002853,-0.015399,-0.014584,-0.081676,-0.113225,0.120710,-0.026252,-0.006973,-0.135094,0.006537,-0.013576,-0.006680,0.070821,0.049944,-0.093222,0.104237,-0.037409,-0.021122,-0.018338,0.012539
0.025269,-0.050642,-0.003221,-0.023175,-0.064242,0.063811,-0.029821,-0.024420,-0.088859,0.032112,-0.024087,-0.086777,0.082390,0.084833,0.151779,0.024262,-0.140009,-0.094379,-0.000730,0.117498,0.034971,0.157233,0.001314,0.011174,-0.088345,-0.099976,-0.016873,0.100577,0.088221,0.140854,-0.020413,0.096442,0.016046,0.021451,0.054889,-0.000531,0.036780,0.034541,-0.047543,0.030811,0.048131,-0.054102,-0.033806,0.058989,0.056705,-0.030945,0.053150,-0.041937,-0.010129,-0.071685,0.012731,-0.112891,0.025708,-0.029670,-0.035852,-0.026903,-0.001439,0.143398,-0.018758,0.004820,-0.106054,-0.014593,-0.032135,-0.023682
-0.047262,0.031955,-0.178136,0.003217,0.056207,0.014504,0.021371,-0.161581,0.263412,-0.042835,0.184406,-0.029524,-0.010864,-0.142198,-0.055376,0.178258,0.067528,-0.013328,0.084752,-0.121765,0.027483,-0.006735,0.052411,-0.081977,-0.054782,-0.325982,-0.107308,-0.231628,0.140795,-0.013178,-0.039032,0.015981,-0.090529,-0.031608,0.094575,-0.074183,0.146002,-0.030024,-0.043220,0.060600,-0.102935,0.104636,-0.003773,-0.077213,-0.145004,0.141497,0.108954,0.052895,-0.092931,-0.118791,0.225983,0.090781,0.209855,0.144658,0.304721,-0.016014,-0.148100,-0.018848,-0.104602,0.116647,0.036204,-0.033352,0.039333,-0.033573
-0.040085,-0.070461,-0.009711,0.013400,0.001469,-0.105611,0.106126,-0.023518,0.010938,-0.095327,0.077163,-0.001619,0.047472,0.030122,-0.145145,-0.139355,0.009658,0.232077,-0.128604,0.036454,-0.014243,0.068689,0.087511,-0.012743,0.077972,0.059042,-0.032541,-0.124373,-0.057758,-0.174880,0.017093,-0.068805,0.119680,-0.146961,-0.069760,0.087009,-0.040619,0.125247,-0.031296,-0.124431,0.033655,0.050073,-0.015074,0.022800,0.066475,0.041857,0.131994,0.007572,-0.002759,0.018980,0.023968,0.007734,-0.040276,0.036839,0.101152,0.065567,-0.031647,-0.005990,0.073162,-0.002852,-0.017539,0.021566,0.178631,0.015356
-0.021505,0.181714,-0.045331,0.009557,0.204422,-0.016070,0.009743,-0.029780,-0.011254,0.224213,0.063971,-0.032616,0.092773,0.018620,0.013776,0.057812,-0.126266,-0.049403,0.021772,-0.012599,-0.043058,0.038679,0.013799,0.020010,0.025695,-0.044747,0.011330,-0.050548,0.086164,0.189988,0.011000,-0.046453,-0.139795,-0.051242,-0.197151,0.022122,-0.090146,-0.250270,-0.035720,0.053124,0.024224,-0.072980,-0.098030,-0.052760,-0.001760,0.105642,-0.237956,0.016727,0.005246,-0.047480,-0.124322,-0.008096,0.028807,0.096793,-0.009776,-0.038102,0.116076,-0.189804,0.028592,0.097928,0.134600,0.020083,-0.024537,-0.074635
-0.016059,0.101520,-0.186995,-0.024872,-0.050974,0.032607,-0.002017,0.035553,0.043981,0.022249,0.040850,-0.111111,-0.012641,-0.070763,-0.022495,0.036794,0.063968,-0.035682,0.094732,-0.018466,-0.001114,-0.074192,0.020984,-0.011512,-0.026022,0.076380,0.036494,0.035200,-0.111763,-0.098527,0.021636,0.034341,0.123608,-0.023319,0.110729,0.016096,0.115368,0.075980,-0.010360,-0.112393,-0.091404,0.075560,0.010410,0.012559,0.041770,0.024628,0.089621,-0.026176,-0.103272,0.241415,-0.010012,0.048722,0.080853,0.021984,0.101880,0.023983,-0.112669,-0.042321,-0.052948,0.053456,-0.150540,-0.006993,0.025746,-0.006542
0.046969,-0.075276,0.433667,0.035708,0.053302,0.081814,0.017105,0.037413,-0.170487,-0.038316,-0.194493,0.020320,-0.095597,0.073578,0.082493,-0.153474,0.034646,-0.055276,0.104104,-0.022173,-0.007620,-0.011426,0.020810,0.004421,0.121324,0.115493,0.024101,0.078635,-0.088333,-0.056640,-0.109801,-0.099397,-0.008323,0.086260,0.090294,-0.020000,-0.000821,0.022529,0.040440,0.089923,-0.014877,-0.126665,0.168153,0.060217,0.070952,-0.155096,-0.144522,-0.084235,0.032746,0.090823,-0.160765,-0.063733,-0.269447,-0.181915,-0.273925,-0.013837,0.221913,0.035866,-0.075597,-0.116230,-0.033792,-0.005441,0.072620,-0.016787
-0.000159,0.148867,-0.111619,-0.046913,-0.006551,0.032495,-0.010485,0.052326,-0.005141,-0.027996,0.036843,-0.050266,0.028440,-0.049665,-0.067609,0.150377,-0.122741,-0.033270,-0.029591,-0.037114,-0.036391,-0.012295,0.024394,0.003945,0.100536,-0.023494,-0.058838,-0.021684,0.122384,0.104268,0.008502,0.066784,-0.127821,-0.149135,-0.085135,0.065868,-0.144294,-0.095605,-0.068398,-0.011902,0.061444,-0.073279,0.075215,-0.024741,0.051963,-0.001611,0.119651,-0.039884,0.064608,0.106249,-0.001678,0.054584,0.102887,-0.000249,-0.031673,0.020975,0.033279,0.066276,-0.019791,-0.023353,0.063485,-0.021847,0.076060,-0.000608
0.099441,0.007596,-0.032203,-0.085181,-0.132582,-0.034920,0.070533,-0.015115,-0.022819,0.223535,0.062002,-0.047075,0.016413,0.048040,0.075329,0.052538,0.031224,0.014550,0.018121,-0.002636,0.089559,0.050885,0.057172,0.005595,-0.031352,0.000952,0.018326,0.031007,0.013750,-0.012095,-0.001481,-0.134314,0.086589,0.022801,0.033177,-0.155973,0.113903,0.027335,-0.104058,-0.005159,0.039930,-0.007950,-0.114745,0.113218,-0.034820,0.008254,0.002853,-0.004830,-0.002944,-0.053832,0.048694,0.015369,-0.077644,-0.037954,-0.029552,0.022842,-0.037468,-0.030203,-0.119075,0.088031,-0.002602,-0.009713,0.021931,0.001414
-0.026102,-0.088527,-0.085906,-0.075260,-0.155144,-0.074607,0.019558,0.212717,0.103742,0.030404,0.087474,-0.067751,-0.048725,0.072451,-0.018731,0.081907,0.101050,0.025354,0.013607,0.034288,-0.015918,-0.095159,-0.019516,-0.004569,-0.055350,0.051096,-0.005184,0.044102,-0.011365,-0.058909,0.017404,-0.068067,0.066204,-0.124427,0.018899,-0.010746,0.043428,0.055689,0.053331,0.029104,0.003308,0.012101,-0.057312,-0.010087,-0.035142,-0.105486,0.035967,-0.016304,-0.034848,-0.080375,0.072260,0.109000,0.157601,0.049388,0.087493,0.018041,-0.048721,-0.032906,-0.014867,-0.023324,-0.065926,-0.019721,0.124068,-0.038528
-0.024655,-0.028312,-0.003816,0.154541,0.293519,-0.001513,0.025341,-0.090668,-0.059261,-0.016782,-0.045491,-0.015895,-0.025669,-0.146384,-0.158569,-0.024108,-0.004078,-0.052833,0.027929,0.092572,0.004299,-0.061095,0.047245,0.019226,0.118699,0.066410,-0.099767,-0.038720,-0.048421,-0.013251,-0.012637,0.030670,0.053368,0.023573,0.055705,-0.022300,-0.074656,0.064288,0.028562,0.112472,0.006644,0.079179,0.063598,0.076923,0.027550,-0.011194,-0.056651,-0.027754,0.126552,-0.005161,-0.060635,0.146290,0.021433,-0.014983,-0.011222,0.051881,0.053406,-0.022935,0.151190,-0.035401,0.009458,-0.020172,0.034409,0.073401
-0.009321,0.041720,-0.048171,0.155480,0.206099,0.028810,-0.038070,-0.050847,0.007519,-0.072724,-0.021970,-0.004480,-0.050552,-0.037629,0.071938,-0.005535,-0.050628,-0.010065,0.040568,0.001727,-0.031066,-0.004958,0.026340,-0.012471,-0.037213,-0.075546,0.039481,-0.040363,-0.004649,0.023674,0.004930,0.041678,0.004513,0.009270,0.057359,-0.025857,-0.015877,0.028136,0.039500,0.010360,0.020273,0.032726,0.008695,0.009478,0.010817,0.036104,-0.043482,0.009632,-0.073868,0.071883,-0.054983,-0.084807,-0.052617,-0.050265,-0.074469,-0.108541,0.011000,-0.059495,0.038191,0.020230,-0.009471,-0.032645,-0.141054,0.031642
0.023099,-0.025779,-0.023121,-0.034812,-0.069146,0.003121,-0.033285,0.024577,0.029315,-0.008380,-0.001233,-0.067798,0.019472,0.012588,0.004856,-0.001254,-0.005283,0.005391,0.001576,-0.028572,0.031569,-0.041636,-0.018055,0.019303,-0.019482,-0.019477,0.028344,0.033951,-0.021354,-0.026685,-0.016495,-0.004898,0.009394,-0.017185,-0.006377,0.030260,-0.002281,0.006493,-0.019699,0.008628,-0.001632,-0.003304,-0.015468,0.013365,0.011458,0.013059,0.023745,0.009132,-0.006731,0.046015,0.024493,-0.050879,0.019582,0.008864,0.045165,-0.010645,-0.017039,0.059806,0.014067,0.021904,-0.013663,-0.057290,-0.011991,-0.029426
0.065663,-0.039258,0.046446,-0.039224,-0.092071,-0.078863,0.064991,-0.033233,0.011083,0.019153,-0.088834,-0.006550,-0.024024,-0.068060,-0.063910,-0.043928,0.081425,0.029164,0.029548,0.020111,-0.006408,-0.045074,0.036120,0.004000,-0.001518,-0.047375,0.028469,-0.022689,-0.020090,0.007935,-0.037524,-0.053271,0.050204,-0.134951,-0.036719,0.005822,-0.032369,0.009591,-0.079796,0.024318,0.040356,0.012506,0.127221,-0.078490,-0.014864,-0.052051,-0.003912,0.054483,-0.035069,-0.055411,0.049186,0.076927,-0.041238,0.066799,-0.042779,0.131593,-0.048200,0.063753,0.084784,-0.068351,0.115122,-0.007974,0.064674,-0.056581
0.013045,-0.015222,-0.059748,-0.009122,-0.033053,0.008199,-0.029724,-0.049407,0.001117,0.021494,0.006230,-0.060457,-0.031689,-0.074339,-0.031857,-0.032179,0.022620,-0.030445,0.050338,-0.018702,0.077325,-0.027948,0.016699,-0.039525,-0.036303,-0.009136,-0.101366,0.038830,-0.025752,-0.023066,-0.059167,0.032835,0.029515,0.018272,0.029234,-0.013097,0.001864,0.023514,-0.047305,0.072281,0.001530,0.059200,0.044676,0.116430,-0.007093,0.018416,0.063519,0.018698,-0.005385,0.055267,0.001818,-0.004496,0.020136,0.023563,0.031260,0.016733,-0.037495,0.083897,0.072259,-0.009057,-0.006412,-0.034160,-0.010968,-0.007493
-0.062011,-0.099007,0.035912,-0.113619,-0.035201,0.027685,0.032636,0.281455,0.002479,-0.020943,0.078656,-0.037448,0.004744,0.018577,-0.048995,0.032315,-0.022737,-0.050562,0.005155,-0.094757,0.064703,0.025933,0.026859,-0.036832,-0.048436,0.242902,0.003836,0.017588,-0.075187,-0.161722,0.028207,-0.023853,-0.013221,0.058848,0.047895,0.052837,0.071427,-0.026961,0.036307,-0.018544,0.032617,-0.054328,-0.113440,0.201144,0.019201,0.074757,0.071913,-0.032384,0.031805,0.044708,0.085600,-0.050977,0.040732,-0.038124,0.102766,-0.103976,0.048750,0.046374,-0.082167,0.069094,-0.121833,-0.054306,0.027975,0.044565
0.034269,-0.013498,0.005214,-0.033431,-0.017058,-0.022247,0.008546,-0.008141,-0.145641,-0.038336,0.026341,0.003502,-0.005688,0.029085,0.062152,0.066135,0.039177,0.116413,0.019341,0.000223,0.089633,0.043538,0.013539,0.008880,-0.036086,-0.133718,0.062046,-0.014821,-0.020020,-0.085411,-0.006276,0.116514,0.000459,0.052323,-0.010169,-0.081198,-0.036666,-0.075074,0.079900,0.040229,0.009226,-0.058973,0.178774,-0.043774,-0.034983,0.000205,-0.003946,0.000181,0.033205,-0.041650,-0.132985,-0.106943,0.043560,0.088781,-0.031477,-0.010874,0.082216,-0.111568,0.066819,-0.146451,0.013416,-0.036095,-0.067977,-0.027445
-0.006350,0.125620,-0.122991,-0.027725,-0.011267,0.012263,0.012336,-0.119933,-0.111831,0.022239,-0.002481,-0.062091,-0.076575,0.034023,-0.009450,0.024033,-0.084856,0.043675,0.059433,0.063878,-0.018777,-0.028914,-0.041150,-0.012239,-0.068887,-0.180861,0.005586,0.196150,-0.022909,0.167549,-0.048739,0.028092,-0.037043,-0.026478,-0.060258,-0.058255,-0.059360,0.000968,0.005225,-0.057573,-0.110534,0.007993,-0.094007,-0.055130,0.001077,-0.065505,-0.072283,-0.087734,-0.032495,0.055113,-0.040221,-0.035199,0.004574,-0.014080,-0.066937,-0.021571,0.032359,0.058558,0.076845,-0.095866,0.011566,0.026908,-0.023819,-0.024010
-0.028142,-0.112955,0.044874,0.112706,0.167364,0.006955,-0.009879,-0.009273,0.002994,0.051363,0.043952,-0.030740,-0.113536,-0.029762,-0.105127,-0.009549,0.027514,0.036798,0.130596,0.014123,0.013089,-0.005352,-0.005250,-0.002379,0.006001,-0.052066,0.012065,-0.102962,0.036054,0.213850,-0.021560,-0.000229,0.042119,0.026757,0.176385,-0.004164,0.019352,-0.179907,0.066747,0.072632,-0.000771,0.171944,0.314082,-0.003415,0.023683,0.008587,-0.113753,0.090726,0.077466,-0.081904,-0.191503,0.048968,-0.008253,-0.079182,-0.095288,0.070404,0.061818,-0.171412,0.034944,-0.065910,0.029081,-0.005153,-0.073369,0.026258
0.074283,0.037771,0.122949,-0.025492,-0.109652,-0.043876,-0.023027,-0.083577,0.000771,0.005446,-0.047109,0.013529,0.075879,0.056448,0.046319,-0.092153,-0.000417,0.073183,-0.026345,0.040935,-0.005045,0.083046,0.121982,-0.108966,-0.132339,-0.037461,-0.064307,0.079440,0.075954,0.015392,-0.021009,0.056320,-0.023785,-0.139959,-0.115492,-0.008051,-0.081627,0.031069,-0.060293,-0.025238,0.068562,0.022253,-0.025016,-0.044387,0.035165,-0.013617,0.043610,-0.038303,-0.156212,-0.069746,0.063426,0.018081,0.063589,-0.098273,-0.046240,-0.117200,0.132448,0.155082,-0.051398,0.133404,0.065317,0.019837,0.027805,-0.014785
-0.038677,0.031441,-0.157037,0.039554,-0.076724,0.045578,0.009360,-0.015191,0.027802,0.040763,0.002323,-0.026014,-0.048803,-0.105990,-0.068508,0.107025,-0.053260,0.004138,0.107127,-0.066280,0.061371,-0.083928,0.033405,-0.018266,-0.005884,0.048011,0.022536,0.063329,0.070376,-0.008279,0.021202,0.014346,-0.103488,-0.061886,-0.053433,-0.033360,-0.019606,-0.024115,-0.056988,0.062331,-0.147737,-0.078711,-0.017788,-0.041033,-0.049762,0.052357,0.116339,-0.018244,0.059922,-0.049040,0.014183,-0.021630,-0.168728,0.124484,0.134602,-0.045718,-0.262335,-0.110953,0.118637,-0.041911,0.050358,0.019642,0.060307,0.067588
-0.001415,-0.107947,0.092531,-0.031127,-0.081368,-0.061059,0.079017,0.030053,0.011631,-0.200458,-0.176964,0.015115,0.067735,0.082997,0.063373,-0.118613,0.096355,-0.205637,-0.100983,0.030648,0.026747,-0.004718,0.026359,-0.018479,-0.118169,0.078859,-0.049203,-0.104344,-0.035285,0.028648,0.035445,0.124525,-0.131484,0.049115,-0.062736,-0.049240,0.073599,0.233191,0.107693,-0.134914,0.070531,-0.059775,0.082567,0.042164,0.023024,-0.058458,0.051724,-0.047741,-0.112682,-0.148253,0.053227,-0.137657,0.104524,0.002407,-0.188396,-0.012965,0.116802,0.279415,-0.075474,-0.086815,-0.152303,-0.051394,0.016116,-0.068146
0.026115,-0.054132,0.060950,0.023751,0.032950,0.044977,0.022111,0.012631,0.066846,-0.095756,0.107285,0.008926,-0.047579,-0.093730,0.042051,-0.014814,0.054483,-0.062433,0.146596,-0.044305,0.002065,0.012362,0.054423,-0.016159,-0.000116,0.061725,0.052176,0.055116,-0.020838,-0.042233,-0.050980,0.080115,-0.138528,0.028529,-0.104208,-0.052899,0.050398,-0.021672,-0.009936,-0.053048,-0.054642,-0.013565,0.000488,0.000594,-0.032084,0.014032,-0.095311,-0.030035,-0.035167,0.006885,-0.067196,0.011923,-0.111626,-0.066893,-0.047092,0.004457,-0.102371,-0.112918,-0.046879,-0.021070,-0.013361,-0.032326,-0.044361,0.015642
0.034721,0.061532,0.086530,0.034329,0.130251,0.094410,-0.053904,0.124168,-0.098383,0.331995,-0.090827,-0.102426,0.030699,0.059771,0.017545,-0.108746,-0.069071,0.046437,0.140547,-0.037562,-0.005866,-0.035346,-0.015549,-0.001189,-0.013147,-0.004148,-0.030653,0.152038,0.133503,-0.014177,-0.045192,-0.057882,-0.030249,0.011829,0.092565,-0.014618,0.026043,-0.071862,0.057403,0.165029,-0.024208,-0.073300,0.042582,-0.055854,0.023612,-0.232662,-0.038784,-0.056723,0.122111,-0.003326,-0.072159,0.020093,0.029142,-0.042110,-0.066574,0.015083,0.292915,0.027593,0.143108,-0.093523,0.131612,0.025558,-0.020059,-0.004463
0.005149,-0.037908,-0.052500,0.025598,-0.101949,-0.078913,0.053139,-0.093799,0.011953,0.087771,0.097387,0.162835,-0.067709,0.008984,-0.042692,-0.018226,0.023618,-0.037638,0.032327,0.034346,0.051150,-0.043380,0.061274,-0.006558,0.027198,0.065331,0.017243,0.011264,-0.015826,-0.064515,-0.040970,-0.037076,0.186284,-0.139307,-0.160142,0.040173,-0.045967,0.142844,-0.033075,-0.076316,-0.216121,-0.064483,0.070673,-0.022748,0.024656,0.014622,0.051571,-0.044162,0.069146,0.082248,-0.082214,0.037538,-0.026741,-0.036302,0.072108,-0.023345,-0.040129,-0.033054,-0.119419,0.098297,0.095145,-0.015548,0.085498,0.050308
0.027830,0.030367,0.013305,0.014343,0.058572,0.028511,-0.042021,-0.030979,-0.021906,-0.049775,0.052148,0.020438,-0.106183,-0.040370,-0.156180,0.074797,-0.034207,-0.054796,-0.041993,0.071682,0.062013,-0.019708,0.047150,-0.011626,-0.028766,0.137148,-0.036796,0.130237,-0.030721,0.047847,-0.019989,0.028680,0.060928,0.039663,0.117345,-0.047699,0.001796,0.012384,0.038655,-0.097348,0.062917,0.114349,-0.306378,0.077997,-0.029036,0.118046,-0.042816,0.001317,-0.146941,0.056378,0.156742,0.018139,-0.037470,-0.061021,0.017719,-0.053315,-0.084083,0.079048,-0.078755,0.087621,-0.024448,-0.045482,-0.044590,-0.001127
-0.035884,0.038698,0.028979,-0.024315,-0.101084,-0.094360,0.046610,0.025296,0.017206,0.041489,0.014754,-0.018358,0.176402,-0.010279,0.049187,-0.055125,0.032991,-0.054901,-0.095447,-0.042773,0.006696,0.048607,0.073853,-0.040824,0.091575,0.017469,-0.017668,-0.131788,-0.065159,-0.164235,0.018240,-0.001099,-0.024395,-0.122439,-0.113225,0.046720,-0.065702,0.197174,-0.079078,-0.024243,-0.010026,-0.128892,0.056925,-0.049228,0.029833,0.081141,0.160064,-0.025686,-0.070220,0.002321,-0.024754,-0.045065,-0.018540,0.100506,0.059382,0.054798,-0.114882,0.115847,-0.014555,0.130210,0.031065,-0.000392,0.072975,0.021721
0.013760,0.035680,-0.055099,0.064336,0.102832,0.115104,-0.095300,0.020762,-0.016899,-0.003025,-0.058862,-0.074984,-0.104768,-0.007544,-0.081150,0.009821,-0.046916,-0.018781,0.103435,0.075929,0.049526,-0.021570,0.040089,0.008207,0.074790,0.080297,0.031696,-0.010734,0.106049,0.010978,-0.076373,-0.192748,0.025874,0.016646,0.115132,-0.037997,0.107462,-0.143942,0.028612,0.130718,0.037093,0.058030,-0.095236,-0.010095,-0.008248,-0.108609,-0.217391,-0.032270,0.053081,0.080057,0.094510,0.149501,0.027314,-0.031066,0.026731,0.032338,0.135256,-0.018877,-0.035737,-0.127992,-0.065537,0.044992,-0.064748,0.026907
0.002220,0.067155,-0.021172,-0.066681,-0.019378,0.019319,0.016681,-0.102284,0.028253,0.073118,0.130397,-0.003536,-0.022828,-0.044287,0.002853,0.287547,0.044260,0.135761,-0.042478,-0.027718,0.010108,-0.048301,0.063460,-0.020572,0.013228,0.036800,0.075172,0.120920,-0.028286,-0.011111,0.035791,0.105434,0.169491,0.103903,0.003727,-0.010115,-0.106939,-0.060090,-0.061042,-0.200490,0.041993,0.112949,-0.105296,-0.001709,-0.016057,0.066388,0.047705,-0.031847,-0.078196,0.062939,0.044742,-0.055401,-0.024476,-0.022724,0.024203,0.025002,-0.051892,-0.044865,-0.018810,0.038064,0.120738,-0.072927,0.032548,-0.035279
0.017657,-0.105097,0.036419,-0.027309,0.093106,-0.049966,0.026549,0.000909,0.004821,-0.258529,-0.102494,0.009759,0.038235,0.180794,0.001265,-0.062610,0.007559,-0.001289,-0.168598,0.093222,-0.048376,0.044095,-0.026571,-0.077110,0.036578,-0.096986,0.028907,-0.177165,-0.152546,-0.089165,0.002147,-0.048870,0.086506,-0.122376,0.088743,0.087211,0.175519,-0.151058,0.028338,0.029009,0.030795,0.068449,0.053831,0.068596,0.049214,0.231091,-0.034991,0.096345,-0.106341,0.057450,0.036902,0.040274,0.139321,0.152941,0.071125,0.006040,-0.088875,-0.042420,0.033926,-0.066077,-0.106374,-0.059880,-0.100647,0.002893
0.039679,-0.041558,-0.032010,0.007654,-0.046486,0.011517,0.037653,0.087176,0.044349,0.044020,-0.061860,-0.040441,0.121734,-0.082398,0.070052,-0.055766,0.002733,0.005655,0.102265,-0.046993,-0.046745,0.007492,0.003996,0.011101,-0.023416,-0.114351,-0.040783,-0.063903,-0.031690,0.200501,-0.043167,-0.098193,-0.107452,-0.014262,-0.001443,0.020190,-0.060007,0.028656,-0.027100,0.097974,0.058472,-0.063937,0.023032,-0.006335,0.047653,-0.152649,0.049979,-0.027203,0.019176,-0.086827,-0.050045,0.051081,-0.032970,0.003834,-0.056982,-0.017400,0.034368,-0.097127,-0.019367,0.042761,-0.044124,0.045158,0.003565,-0.006536
-0.082446,-0.056554,0.114399,0.085682,0.040298,0.053859,0.045011,-0.036276,0.034774,-0.136344,-0.082766,-0.057844,0.089673,0.084610,0.232619,-0.012727,0.045861,-0.007753,0.047621,-0.150469,0.008942,0.019133,0.082038,-0.043069,0.108809,-0.028100,0.064509,-0.035281,-0.020322,-0.145589,0.061526,0.090527,0.014727,0.005932,-0.001477,0.074877,0.057548,0.013331,-0.086645,0.043322,0.064356,-0.009135,0.031612,-0.003330,0.034725,0.079323,-0.006510,-0.003460,-0.068152,-0.058603,-0.025361,-0.016676,0.037756,-0.004717,-0.005441,0.160856,0.019479,-0.203943,0.022513,0.027217,-0.125506,-0.110842,-0.059015,0.027817
-0.070850,0.005738,-0.192144,0.131617,0.024621,-0.055845,0.025069,0.038038,-0.067084,0.147763,0.062396,-0.115005,-0.064389,0.068408,-0.024169,-0.059123,-0.045026,0.024155,0.132108,0.056094,0.004435,-0.026833,0.034292,-0.036580,-0.014625,-0.012409,-0.105093,0.063638,0.086835,0.018978,-0.048659,-0.030274,-0.054722,0.021507,0.041386,0.004105,0.000047,0.066060,0.105101,0.002720,-0.092455,-0.071912,-0.018308,0.050244,0.019113,-0.117187,0.095341,-0.037967,0.082093,-0.044233,-0.068311,-0.020925,-0.024500,-0.013921,-0.050457,-0.077169,-0.004529,-0.118391,0.054251,0.088124,0.057084,0.067684,-0.003313,-0.029644
0.043282,0.027926,0.040740,0.017796,-0.045477,-0.018062,-0.080194,0.034717,-0.056573,0.036988,-0.027911,0.042299,0.058981,-0.047011,-0.038512,-0.023675,-0.039837,0.023622,-0.005614,-0.065275,0.015223,0.013695,0.048600,-0.026727,0.052151,0.056505,-0.065057,0.043654,0.016407,0.008482,-0.034035,-0.083706,-0.009291,-0.081862,-0.026411,-0.078647,-0.016075,0.040309,-0.067700,0.038190,-0.013129,-0.002746,0.040014,-0.058213,-0.043415,0.031610,-0.064746,0.056885,-0.050105,0.028751,0.003441,0.034846,0.032179,0.047448,0.057704,-0.009512,0.050988,0.168485,0.054598,0.016357,-0.016294,0.012051,0.054645,-0.004224
0.030671,0.010831,0.042319,-0.117001,0.010742,0.043227,0.024451,-0.031840,0.054821,-0.039063,-0.004532,0.058452,0.003515,-0.007941,-0.018725,0.033085,0.027332,-0.064697,-0.000083,0.048710,-0.052543,0.020203,0.035163,-0.048614,-0.004146,-0.014614,0.090084,-0.049862,-0.058466,0.029570,0.005068,0.093229,-0.005997,-0.019635,0.014262,0.080546,0.004800,-0.080456,-0.091736,-0.033849,0.028131,0.062875,-0.017803,0.025250,-0.009842,0.013267,-0.015485,0.002782,-0.094532,0.034550,0.076594,0.023102,-0.030344,-0.066013,0.008760,-0.000321,-0.002532,0.047551,-0.116716,-0.083583,0.044899,-0.064196,0.023263,-0.018380
